DW_CLIENTE;customerKey;customer;address_number;business_family;business_unit;customer_type;division;line_of_business;phone;region_code;regional_sales_Mgr;search_type
6f191ef3d58baff76349c79caf39558f8bfefbf799fd8441f0869b2d9dfcd083;10018623;K&M Supermarket;10018623;R1;1;G2;2;Não Informado;816-455-8733;2;S5;C
9c67c357e02429912a76f62a16d11ce2d27211990e69abfcf29e26872a022825;10012422;Finishing Shop;10012422;R3;1;G2;2;Não Informado;816-455-8733;2;S16;C
8d953b712e5ab64af5c00441c18a6ecfc91dcd668f3d993f70413339d3b504a6;10025032;Talkland Shop;10025032;R3;1;G1;1;M1;816-455-8733;0;S19;C
8f5158fe8f94630d4fd8a5cadb9388d00e88a2c19f364813eeb90da414f72662;10022730;RC Shop;10022730;R2;1;G2;2;Não Informado;816-455-8733;4;S9;C
1c99b6b5f6d9c0b9098dd9043cd09949da4943e0779b8454334ea1f840b70d18;10020184;Matradi Megastore;10020184;O2;1;G2;2;Não Informado;816-455-8733;2;S12;C
57a3fe96d41590197620cda955d347850ec7ea5c2c853a6db05a0482bda5e54e;10000499;ABSolute Shop;10000499;R3;1;G2;1;Não Informado;816-455-8733;5;S16;C
29b2256562de6c5df5fb37deca23cf833ab7694c3031cf49e9415a3159c23167;10023778;Satronix Shop;10023778;R3;1;G2;2;Não Informado;816-455-8733;1;S16;C
399030ad2c7200d74e49302225a43fd2e4f9846c83ff17a38e988ff9e9ba63cc;10017576;Illuminati Shop;10017576;R3;1;G2;2;Não Informado;816-455-8733;2;S16;C
fe1ef6c29ec26d6be198ee2219131290d0eb95fface25c907c6953c90defd21d;10021996;Pinnacle Supermarket;10021996;R3;1;G2;2;M1;816-455-8733;3;S16;C
f5a0701537fdf9e16cbdb4fab2218859efadc867a66c520a81688a7201a6397f;10014238;Harbor Store;10014238;R3;1;G1;1;M1;816-455-8733;5;S19;C
1a9dcaf5ee1e583362cdba1ca337540fe8c033e1a0d8a5a44b89b06c6b6e4eef;10002149;AccuLAN Shop;10002149;R3;1;G2;1;Não Informado;816-455-8733;5;S16;I
a99ebe5635a718511a5d6079e81875005f134ee93d92349dcf338bdcef92ce87;10025248;Telus Store;10025248;R3;1;G2;2;Não Informado;816-455-8733;1;S16;C
89a4d5b02fea68075dc1377843c8851fe19e57591546fda52a32e2d79a0e7f2b;10000460;Meals Market;10000460;R3;1;G2;2;Não Informado;816-455-8733;2;S16;C
b2a5f90e2e4033bacdd1911b89d42664aaac521f1b688718a112e12ebed52ed4;10021494;Paraclipse Shop;10021494;R3;1;G2;1;Não Informado;816-455-8733;5;S1;C
f1ecef935c71b9d1de85ce627e52ee81a489814194317ffb70bb9408b04eec3f;10012328;Finder Shop;10012328;R1;1;G2;1;Não Informado;816-455-8733;5;S5;C
1adab890b7e41ce4816078f6b00b931bd2a2e3ff2cef263efb085b61e9283edb;10018146;J.M. Supermarket;10018146;R3;1;G3;1;Não Informado;816-455-8733;0;S8;C
f84188fa67987053e0473c443dd3c38049b15987f4ddfe9eededfac1cb32b61d;10009669;De Store;10009669;R3;1;G2;1;Não Informado;816-455-8733;5;S14;C
bb98e78d823d8d0dd9560fca90217b48997f0fd5cdfa2dbb854908279db78450;10022434;R&R Store;10022434;R3;1;G2;2;Não Informado;816-455-8733;1;S4;C
b3f8cad6edc50693d80a652b2daba410d8d38b3250ef7eaf8dcd7e9a9f53fbeb;10021412;Panngea Shop;10021412;R4;1;G2;2;Não Informado;816-455-8733;1;S18;C
b3d390002516cfe933b748298fa49aed23f61aa234b2e58fae8d1300c534d5ed;10014469;Harte-Hanks Market;10014469;O2;1;G2;2;Não Informado;816-455-8733;4;S12;C
8beab8705471c21914c5e27098044c7e9d649383a74163e998fc7f869c5e364d;10006037;Bigelow Store;10006037;R3;1;G1;2;Não Informado;816-455-8733;2;S16;C
ca4a6395abcaff1424359a06ae6ac4e7f246bbc77cb83fcb1d1873504674cbb5;10013572;GearSource Shop;10013572;R3;1;G2;1;Não Informado;816-455-8733;5;S1;C
5cb6ccf09c5797ab02894663e05c92f7b4afa805d221cb0636e26d14a3fcf928;10023793;Savetz Store;10023793;R2;1;G2;2;Não Informado;816-455-8733;2;S2;C
5a357462e1dc624ff7d847a0d9f94f5ab12beeb256bfcaf777ba0dcf680be371;10014804;HCS Shop;10014804;R3;1;G2;2;Não Informado;816-455-8733;2;S16;C
588ef657deaf30023b1c355cc463c1751faefd698a5ef7ba41caa4d6e87cbd7d;10011724;Federal Supermarket;10011724;O2;1;G3;1;Não Informado;816-455-8733;0;S1;C
1af0f0c38a168ae69f70a4eab8f06c42bad240110c60711d6349620726d57bb0;10010923;Edmark Shop;10010923;O2;1;G1;1;Não Informado;816-455-8733;5;S1;C
c666771d8b98e5b079ffa38c3aaa63680777a6d00447fcfe3dce4e7a6fbdccb5;10012761;G.R. Supermarket;10012761;R3;1;G1;1;M1;816-455-8733;5;S16;C
962a392db244572a8252596aa4142f77f5037b251257a1261a0636f27c97b9ca;10024930;T3West Shop;10024930;R3;1;G3;1;Não Informado;816-455-8733;5;S8;C
af3d03e7f5cac00d4f78366896481fae2cbf28cf4088df779e3d551a11913806;10009645;Day Market;10009645;O2;1;G2;1;Não Informado;816-455-8733;5;S12;C
860bed13ee401e1f46c0ddb1fbe6e5b1dd2c05ff0ec1aeff8609f9e9c181ff57;10010969;Edorex Supermarket;10010969;R3;1;G2;2;Não Informado;816-455-8733;4;S16;C
76d132fbba54ba38619ff886a7d9dcf140568c3717229d36c55376febc6f2dec;10013899;Grumman Market;10013899;R3;1;G2;1;Não Informado;816-455-8733;5;S1;C
91a63cd59abd6d2f46681c728af1bf25d086657ac71dee3376161fedae6f9af7;10025758;UTStarGate Shop;10025758;R3;1;G2;2;Não Informado;816-455-8733;2;S16;C
e131a4c69b9713c5fab8846f6b80512a25533381dd4286ec33620a25e8b5474a;10010906;ediSys Shop;10010906;R3;1;G2;2;Não Informado;816-455-8733;3;S1;C
658fcd96b45ea2359d6ff9b9ac56d42e2b4f960bbf4e89dcb7f68a1efb192719;10022962;Reflex Store;10022962;R3;1;G1;1;M1;816-455-8733;5;S19;C
557bc9f1b3c59d056f0ee196375c94e65bef897cd8ac0b573e5a04662b4b5323;10021936;Pink Supermarket;10021936;R3;1;G2;2;Não Informado;816-455-8733;2;S16;C
b14f88f737fde4be51d8dbb260134a986b240dd4de12534f974af653b2c58e70;10005043;Bezeq Shop;10005043;R3;1;G1;1;M1;816-455-8733;5;S18;C
aef4bada87d425fe1efd0f84071c11cf690b8c19bcbc9616b661135ab8a6e151;10025037;Tampere Shop;10025037;R2;1;G2;2;Não Informado;816-455-8733;1;S4;C
98afe124a36497a6aada3aaab4c0d26c7e553076b0ea68c0e44bb40d3f7f470d;10019410;Keystone Store;10019410;R1;1;G3;1;Não Informado;816-455-8733;0;S2;C
955b531e36c4261a47b63f3154c8e41e712b069eb7a15f74adb65b1c4e0e8038;10019879;Litton Shop;10019879;R3;1;G2;2;Não Informado;816-455-8733;2;S1;C
2dfc8c50634eb8079d17a032927c76433dfd1c78cd60aa599204dfa6c6f2b3ae;10005810;Big Shop;10005810;R3;1;G1;1;M1;816-455-8733;5;S19;C
8a053560d2ca3c99c1da79b3202832b6a693db8b35bfe92091eb3ab1ca127653;10015783;Hershey Supermarket;10015783;R3;1;G2;2;Não Informado;816-455-8733;3;S1;I
1febd62ba5123ae0ac584caa6f838eac7febd3e9455ce8bac987779a8df2c820;10021750;Paul Store;10021750;R3;1;G2;1;Não Informado;816-455-8733;5;S16;I
f63eaa80ae180a75d94544c24b963f5331f7c1286f098e556044c7d5abcf704e;10021411;Panix Shop;10021411;R3;1;G2;1;Não Informado;816-455-8733;5;S4;C
6238f7a59ec3585e7a6f7d4890df7a155b636de0d273629206a5dfe434a88dc1;10025267;Todd Supermarket;10025267;R3;1;G3;1;Não Informado;816-455-8733;5;S5;C
102761cb4bb32b744768122c02e1a82d603bdc559b64bb73cf2f20e3d3b66834;10011821;FenP Supermarket;10011821;R3;1;G2;1;Não Informado;816-455-8733;5;S5;C
343d9f4ead3e49ae9c220a616509aec2bd3aa1e01f86b1e31c1565b58fbfc111;10009672;DEAC Shop;10009672;R3;1;G2;2;Não Informado;816-455-8733;1;S16;C
2508d81acfed1d7c63e73e31fb0db8e57c5d2886c09e62b8e2560895405aa6ad;10017553;iLanguage Shop;10017553;R2;1;G2;2;Não Informado;816-455-8733;4;S5;C
936200516042410db3be3d0889b20e73d284ec97575705039a132abd1263d4c2;10017036;Icon Superstore;10017036;R1;1;G2;2;Não Informado;816-455-8733;4;S11;C
1eca103d7f6a60c3fa642088a30acc8b053762f47809a82814df19d26fa17a3a;10025737;Userland Maxistore;10025737;R3;1;G2;1;Não Informado;816-455-8733;5;S16;C
a58ae69038246b3b71bfbd32ef11bf3c1557045d8a6d6fea4da57945043443e6;10024016;Screen Supermarket;10024016;R3;1;G1;1;M1;816-455-8733;5;S19;C
15c995b542612eb2201cae3d8768b28c0596fc40810b96cb9d2f05e611d59782;10000461;A1 Store;10000461;R1;1;G3;1;Não Informado;816-455-8733;0;S2;C
03e6c7b22f086520bb9a6f42a2a0381d27625120a0b6f27157fc5690bf68b04b;10002150;Accumedic Store;10002150;R3;1;G2;1;Não Informado;816-455-8733;5;S16;C
bac4b7cfafc9f26975de1c871f84c7ed76cd7a028748f376408982833cbbbfe0;10025778;Valicert Midstore;10025778;R3;1;G2;2;Não Informado;816-455-8733;1;S16;C
1964d612b2995acc1e09ae9517a3df7b37cdf8c1eb40aee97d360a41a5c82172;10025040;Tangent Shop;10025040;R3;1;G2;2;Não Informado;816-455-8733;2;S1;C
00968fe10c17ff6d39bf8ae1e5fa9ce2fe1334e810100382497abfcdecb60616;10000475;AA-Wizard Shop;10000475;R3;1;G2;2;Não Informado;816-455-8733;2;S16;C
bebea8c0d6df57ab11337b915328607895d1b85cd8d64570929d2f3046d89343;10023757;SAS Supermarket;10023757;R3;1;G1;1;Não Informado;816-455-8733;5;S19;C
e8a332a16bbcaa2440d30599a7d3140e590a45653cb07d5f918304c131624e30;10019900;LiveWire Supermarket;10019900;R3;1;G2;2;Não Informado;816-455-8733;1;S16;C
159a68b64be33ae10b9f07ef67625781097bcd9678ee72f28c0457aa561752fc;10027053;YourFuture Shop;10027053;R3;1;G2;2;Não Informado;816-455-8733;4;S9;C
5bb4162c5bf5ba1150b7d81709ba179bffd2fb5343a5adef875cc1b8a1902081;10014471;Harts Superstore;10014471;R1;1;G3;1;Não Informado;816-455-8733;0;S2;C
4fdb92ad823e381808d220c2041baba6611e1a4067327d9eb471e06b84af347d;10021986;Pinnacle Supermarket;10021986;R2;1;G2;2;Não Informado;816-455-8733;4;S5;C
4700bbe7d689efc4db4c425750009e30aacffe0e5d12f975796148e0c1ac1c9d;10022750;Ready-to-Run Shop;10022750;R3;1;G2;2;M1;816-455-8733;4;S16;C
b02bbab8f6f41ea3f023ad58b6f13377c2b112143e32eaef290fc18080340473;10017852;J.A. Supermarket;10017852;R3;1;G1;1;M1;816-455-8733;5;S19;C
c31384481afccec7e8c6f2ab80410f39f92beb08a377cc2e5bd3cc9fabed25bc;10012851;Gailey Market;10012851;R3;1;G2;1;Não Informado;816-455-8733;5;S1;C
ec30d46c2707b2e6c33c7dd5fca416cf10074daa85cda1476a99a443ba5e74fc;10011398;Ethyl Store;10011398;R3;1;G2;2;Não Informado;816-455-8733;1;S16;C
39ad63f693ecf5eb221abd589f4c671476475e2658d929fe2d3dab7914fd877b;10006093;BigJobs Shop;10006093;R3;1;G2;2;Não Informado;816-455-8733;4;S9;C
4bfc45fb001645e08ac03db87e764ec364c6611abd869183992d34732205aded;10008381;CAPCON Shop;10008381;R3;1;G2;2;Não Informado;816-455-8733;1;S1;C
20cf322fb058a6b2b0f7c64a3dcf10e4b9e2fdb6b090947a908b3febb425818e;10020390;Miles Supermarket;10020390;R3;1;G2;2;Não Informado;816-455-8733;4;S1;C
678cb0574db014df105839159f63b24a5e84620640984817d2101799363d7861;10023495;Safe Shop;10023495;R3;1;G1;1;M1;816-455-8733;5;S19;C
cd4cd6b15b79c6fd671060ad56c9bd18a4a2979e4db5872d7190fd9a6e4ba51f;10011546;Farrell Supermarket;10011546;R3;1;G2;1;Não Informado;816-455-8733;5;S1;C
ddbfbf041f11bdc3eec588c75a35becf5ccc5df37c7263bb4934247f449d682b;10015011;Hederman Supermarket;10015011;R3;1;G1;1;M1;816-455-8733;5;S19;C
c75598ed762e6e8d7d5c5c080d7910be6a18c8e083219f8be8c6383a7f055271;10020491;Nbase Shop;10020491;R3;1;G1;1;M1;816-455-8733;5;S16;C
4b80d2bd39efab64fabf3d45b78150cd8949e7c699a7f3f30361cbccdacf21ff;10013871;Grove Supermarket;10013871;R2;1;G2;1;Não Informado;816-455-8733;5;S5;C
8e7a8a4b663bc13c5af0fcb0e16f73dacaef0556eca076db45104081e1f4521b;10015030;Hegemony Shop;10015030;R2;1;G2;2;Não Informado;816-455-8733;1;S5;C
b4f27377fe314fbb03780e28071da548fe5c605dce7a3be3943f143442b9b3dd;10021418;Panzl Shop;10021418;R3;1;G2;2;Não Informado;816-455-8733;1;S1;C
a2e8cf1ab1bafce76b608b93500a49a8674915960047f3996e175c705d9334e1;10022470;Racal Store;10022470;R3;1;G2;2;Não Informado;816-455-8733;2;S5;C
552c3b880305d2f8ed282add674d92c1032915135ccaddf47de244eb987f0198;10021911;Ping Shop;10021911;R3;1;G2;2;M1;816-455-8733;2;S16;C
5597f18b157e94d72db07ef5186bc4c59be78de7342539d312a0cef4bb7b2f0e;10016609;Homestead Market;10016609;R1;1;G3;1;Não Informado;816-455-8733;0;S21;C
83364773d817a7cbe1daf1dfa9362d97bd7cc4905e1ac5ad3f8faef4ed5f0d5c;10005861;Big Supermarket;10005861;R3;1;G1;1;M1;816-455-8733;5;S19;C
e1a055346ff8ccb3bd5bfa8816b3d621c9df2e2772427e94529d7a0ee2ae8db8;10009654;DCS Store;10009654;R3;1;G2;2;Não Informado;816-455-8733;2;S16;C
6076b318dd903fb4657356bb3c2a6394eb9584c149c8f8dc581cb4a09b542151;10013188;Gartner Supermarket;10013188;R3;1;G2;2;Não Informado;816-455-8733;2;S16;C
8cbabb73153457fda4891cdbcc27bfed89a6d1021034c96451f5a2fdc1adcb17;10019514;Kimball Supermarket;10019514;R2;1;G2;1;Não Informado;816-455-8733;5;S4;C
084de30687251bd00aed7ab461c6af276ff490ad27e5c74425b83c94e9037730;10026861;Xyplex Shop;10026861;R3;1;G2;2;Não Informado;816-455-8733;1;S16;C
2a4b16ee8404faea1e8c6109ccc96c766a776c0fda45abe96bc545ce7439c373;10025034;Talou Shop;10025034;R3;1;G2;2;Não Informado;816-455-8733;1;S4;C
6d52e1208965ffad06b93852f0fafba2743ea0083edece3aab75c389105b2882;10026438;PLAINFIELD Market;10026438;R3;1;G1;1;M1;816-455-8733;5;S19;C
22c0b2e9d3d3c9277621382a928e074771131f9f96dc999f4b08b66dbf7b4bf8;10014546;Hauppauge Supermarket;10014546;R3;1;G2;2;Não Informado;816-455-8733;1;S16;C
32ed09d6de9094198b125ce8bb794760398537e4c60cd2aa60b51399edab3f13;10005006;Betacorp Shop;10005006;R1;1;G2;2;Não Informado;816-455-8733;1;S11;C
2ad35ce6da6c0f9855e0a67345331d2cda37f5f2a703c5c8fc1cfd3cbf5082b4;10019909;LiveWORLD Shop;10019909;R2;1;G2;2;Não Informado;816-455-8733;4;S5;C
b8f9f952fa6cf55cb748a57ce0ccfd8ef3950786d309827693fd4e8a9f2b4db5;10016047;High Store;10016047;R3;1;G2;2;Não Informado;816-455-8733;2;S16;C
e8492f783a7ac3bff43fc31ebf0789ad73fec15b3b290e893612da4b91df34a5;10008596;Capitolnet Supermarket;10008596;R4;1;G2;2;Não Informado;816-455-8733;2;S18;C
20fd30b2e433397a567c486bdc1b1e5e780b271fb7acbda923e8e4b5bad46bb8;10020266;Maxwell Supermarket;10020266;O2;1;G2;1;Não Informado;816-455-8733;5;S12;C
d4c151205315ea3064adb00831073376df5a062a1e79b5538fe69d04133c9bb5;10013332;GateMaster Shop;10013332;R3;1;G2;1;Não Informado;816-455-8733;5;S16;C
5fc7620e92ae48e2d1acd34c9b2382ac8ef88c3c46ecdc2f20fd0fe8a37c9109;10008638;CAPTA Shop;10008638;R3;1;G2;2;Não Informado;816-455-8733;3;S1;C
92cc0e8e31c9d9db0d66776649b018482ba5468c65c247144f6493d3b55793f1;10011499;Farmland Supermarket;10011499;R3;1;G2;1;Não Informado;816-455-8733;5;S14;C
3966a522058fea415866989757275f5459ab7b480edb059e4c8842dc9c363bed;10009642;David Store;10009642;R3;1;G2;2;Não Informado;816-455-8733;4;S16;C
253a51cf3d723604e111ee6fe036af23e761ff905791397f885f8fb181a65275;10023244;Revolutionary Supermarket;10023244;R2;1;G2;2;Não Informado;816-455-8733;2;S5;C
f7eef8be5db193bcf13ef10a41d201054bea5022b0e650dcc22c47a63f49aa16;10020962;Output Supermarket;10020962;R2;1;G2;2;Não Informado;816-455-8733;3;S5;C
148ec9762151e289450a2641b04abbece090686de3631b74db711bea0186ae53;10025353;Total Store;10025353;R2;1;G2;1;Não Informado;816-455-8733;5;S5;I
52e1010f920c2b09a56e24ca56770d4ced42f8216397af3fa38c35e096c3d8fc;10019469;kGS Shop;10019469;R3;1;G2;1;Não Informado;816-455-8733;5;S1;C
b1a24d4e7a8c3c851f6a21e126f9608a84fb0b83bbeff75d342ea38e98a30e7a;10006848;BizNet Supermarket;10006848;R3;1;G2;2;Não Informado;816-455-8733;3;S1;C
4e714bb13a7155e0108d96089bce4ea060bbce5a4e99769e89ae370684195330;10018371;Joy Supermarket;10018371;R3;1;G1;1;M1;816-455-8733;5;S19;C
b7579e8596474c0525b7a061c297f7d9d777a90a880d6e19e9bc4801d7c675d4;10017290;Id Shop;10017290;R3;1;G1;1;M1;816-455-8733;5;S16;C
8f48cc0175486edf806bd2d5076131e9374dfea781caaf7ff719379dd6f83a08;10025061;Target Store;10025061;R3;1;G2;2;Não Informado;816-455-8733;4;S9;C
c877f25819d93386680a6d1c1ef5c0dcacdc1fa66a97a9e656c6a7b279678c44;10026334;Wayne's Market;10026334;R3;1;G2;1;Não Informado;816-455-8733;5;S16;C
00600528dfbc54f653a6114510dcecfa9b98b74f58584a270d34d7566f875927;10013039;Gamma Supermarket;10013039;O2;1;G2;1;Não Informado;816-455-8733;5;S12;C
8e0ac22b1b0df28b4418350c4d7d245258a4db8df556cfb2ef1a8fdfb77c4f0b;10020247;MAXSTRAT Shop;10020247;R2;1;G2;1;Não Informado;816-455-8733;5;S5;C
3c76882f1365cf3164971da6fbdd28ae5c8ee14c3b573f7ff5683879c9c1aeca;10021422;PAP Supermarket;10021422;R1;1;G2;2;Não Informado;816-455-8733;1;S4;C
7291bdebba55bb22b54e007c00122f78c39fe2573b8cbe8216996eee423c2b32;10024006;ScotGold Market;10024006;R3;1;G2;2;M1;816-455-8733;4;S16;C
9f2315f9cdd419a98519b9bc673aede86a297edb5dc2da0289d68cb3b77e80bb;10017314;Idyllwild Shop;10017314;R3;1;G2;2;Não Informado;816-455-8733;2;S14;C
8cb582b153d35b2602651e96678c25921f3d29c7f0eacce4ba7ce94509f6bcda;10024880;Sun Supermarket;10024880;R3;1;G3;1;Não Informado;816-455-8733;5;S8;C
e72bb98a73f602b3226a08d94149fc4749549021461ceb1769d1c5c0bcc9d58e;10011600;FCS Shop;10011600;R3;1;G2;1;Não Informado;816-455-8733;5;S5;C
5f60b0c3a8818e027abe7f92968c720df8f1366a01f812ffb7743b561c58ecfb;10023703;Sarcom Shop;10023703;R3;1;G1;1;M1;816-455-8733;5;S19;C
9d8144810dd833172fc120649ca1c092c1bf3e2e861f165b1b22021321c8b2da;10025033;Tally Store;10025033;R3;1;G2;2;Não Informado;816-455-8733;1;S16;C
216f50189cd024721daf3ec7e768718e302fe5729768ea14679f7ece7bba0684;10027381;Zero-Knowledge Supermarket;10027381;R3;1;G2;2;Não Informado;816-455-8733;1;S16;C
6724b953e395b5bf9cf9c1a1b790aae21e80209ad8a5baa1d3d0d1e8ba4a52e1;10021223;PacificServ Shop;10021223;O2;1;G2;2;Não Informado;816-455-8733;4;S12;C
1e910a6d6e852857feb36ad3a0d0730b20c666ed37863aa8b9cf7f825922a7e9;10023509;Safetynet Shop;10023509;R3;1;G2;2;Não Informado;816-455-8733;2;S1;C
2fd66618d5d22a8919c46797e12cb30278f97c424abbf6334e675cd63a537563;10025549;UNIS Supermarket;10025549;R2;1;G2;2;Não Informado;816-455-8733;3;S5;C
3fc89a4e0b4bd67ae38acc82d98381f8a19c1c59ca00afdef0a4a6a195c7ace6;10023235;ReviewBooth Shop;10023235;R2;1;G2;2;Não Informado;816-455-8733;2;S3;C
96c34849bcc3bc8881b015edb32abcf6999c3eebb509a79e3b9ed80ab530e1d2;10011521;Farr Market;10011521;R2;1;G2;2;Não Informado;816-455-8733;2;S5;C
a10b6cc203228243aae97515c72112c048c1b3b1e9ef44775085004944a4a72e;10011842;Fentek Market;10011842;R3;1;G2;1;Não Informado;816-455-8733;5;S16;C
ce7b153b8b922438c30c238f1b4cb714a77d87ab8956409eb2444fe9be247acc;10023511;Sage Supermarket;10023511;R1;1;G1;1;Não Informado;816-455-8733;5;S13;C
fc89e0b1d5e7ff88936484cfc2c1cffc3c9ea3c7b30abead77dc43b78756e958;10021184;Pacific Supermarket;10021184;R3;1;G2;2;Não Informado;816-455-8733;1;S16;C
2b6802fad8a7a0ef7e7f4bdec34926b92df0fdeb4a983460cccdbc3d577fccfc;10014533;Harvey Shop;10014533;O2;1;G2;2;Não Informado;816-455-8733;4;S12;C
d5b85169234ebfe5d7e053b55d60a2c60bd4c0e98d98509e0240e5ee47d8570a;10025558;Unisys Shop;10025558;R3;1;G2;2;Não Informado;816-455-8733;2;S1;C
aec065b86e007739b359942e430a41ab69751a413801d289a9acc56308580108;10016542;Holy Supermarket;10016542;O2;1;G2;2;Não Informado;816-455-8733;2;S12;C
2fb439754c15a8ec12e995676d031f62764a54e75b4692f88f31f1c20c5895df;10020639;NECX Market;10020639;R2;1;G2;2;Não Informado;816-455-8733;2;S5;C
e21b0b18faae076db2d8b05148a3abd8c574a951daf1a4ba1cccc30c948e5eb0;10012715;Fokas Midstore;10012715;R3;1;G2;2;M1;816-455-8733;3;S16;C
044dbc3d1491c18e8eef16444a7693b4c4db50126436af1f27fe2b621f54967c;10025296;Trust Supermarket;10025296;R3;1;G2;2;Não Informado;816-455-8733;4;S1;C
305f0aa7fa9ed0b282f434666aa1db98b51c941fb1edef05ccd2e87aa6992920;10002526;Active Shop;10002526;R3;1;G1;1;M1;816-455-8733;5;S19;C
f7e949a7f5cd2cfb8612bac1a5c33eb1a2121a0b0d19f848fe98ee158b9efa48;10022183;Quantex Supermarket;10022183;R3;1;G2;2;Não Informado;816-455-8733;1;S1;C
85e1f7d8fa04ce449e031cf98df1ee6aa38decba57b3fdd6ca797f67ce01543d;10012226;Fills;10012226;R3;1;G2;2;Não Informado;816-455-8733;4;S13;C
6975fd0e188b0bea69a8b59a88641ad9f5cea1d4ac531417b6ffc5d6459ecd63;10016045;High Supermarket;10016045;R3;1;G2;2;Não Informado;816-455-8733;4;S16;C
ea4b16f57bfb707e3c6b6050c1d19eca9a553a99d8e1a63bf267b8d6babc23f5;10021415;Pantech Supermarket;10021415;R3;1;G2;2;Não Informado;816-455-8733;4;S1;C
527fbea0e536b45e879df4f182efda564155bdc9ba6dc90f1ad9ecdcc8c640e1;10016548;Home Superstore;10016548;R3;1;G2;2;Não Informado;816-455-8733;2;S16;C
a09e35cb9687e739303c48bb0ec2ff31a54a1d0daf36005ffd3f8f80dfc7944d;10022678;Rave Supermarket;10022678;R3;1;G2;2;Não Informado;816-455-8733;3;S16;C
08835119525a9c122964d1b30ef5e02b61b443f642b614d93402e60bfc8cc5bf;10020256;Maxtor Shop;10020256;O2;1;G2;1;Não Informado;816-455-8733;5;S12;C
08a3716d94b6137139c63fc9c6f0048c58057fff2e426d86687f62c99416eaa9;10024262;Signature Shop;10024262;R3;1;G2;2;Não Informado;816-455-8733;1;S16;C
953445ab6fef7171f9953ddffbf1780cae78ed8f3c9292bac1a633637105152e;10023783;Saturnus Supermarket;10023783;R3;1;G2;2;Não Informado;816-455-8733;2;S16;C
3d5411c7a3a966463a1c13265cecfc784512755fbc9e5e584f1d3588f2b43ab2;10027560;Zilog Shop;10027560;R2;1;G2;2;Não Informado;816-455-8733;2;S1;C
2a8e74fcc751041dc06ba95effcc205fd692d811b06bd5abfaf5e2570be09d9f;10021283;PageBoy Shop;10021283;R3;1;G2;1;Não Informado;816-455-8733;5;S1;C
eb2307b8a6296ff6ffaee2472deb7020f2b21503797714fefcea17aa0e4caeaa;10003857;Beckman Market;10003857;R3;1;G2;1;Não Informado;816-455-8733;5;S1;C
a3ebef084d83cc4363ce21c7a42f7e8b437a3b7a2bb21383323f253c334bc9c2;10025052;Target Gigstore;10025052;O2;1;G1;1;Não Informado;816-455-8733;5;S1;C
ca38108f9bd02ae33c2ff066ca34918f1334453af393722824ef993d1e218519;10014043;Guarantee Supermarket;10014043;R3;1;G1;1;M1;816-455-8733;5;S18;C
be8707c39c70cdcc0425ccb2ceb4988dbeaf23e22d1151f0583a4bad69da3ac1;10009633;Dan Store;10009633;R3;1;G2;1;Não Informado;816-455-8733;5;S16;C
78f0d38afef2b422dfa778a7acfbbdd7c7270b04e95b488cfb5eb6bdca0a1a63;10006846;Bizmarts Shop;10006846;R3;1;G2;2;Não Informado;816-455-8733;1;S1;C
740693f21dc0803b5833ec071475656cfffd5f56a31de3a31f68180aa08989ab;10025291;Trend Market;10025291;R3;1;G2;2;Não Informado;816-455-8733;4;S16;C
3ea8fc7ce9316d8b7f673251a6be2a2dfcf60ea0d7c66e6810c13cc667302920;10007355;CAF Market;10007355;R3;1;G2;2;Não Informado;816-455-8733;2;S16;C
3929fa437583b740c8aa7072e20ba4bf606520e8c02b8cb193378954bd77a089;10026365;Whites;10026365;R3;1;G2;1;Não Informado;816-455-8733;5;S16;C
b4d4960b9b71630f3a2cc2e5643832429bb6f8a44871317d66e1df04630015c5;10006919;Hoovey SuperStore;10006919;R3;1;G1;1;M1;816-455-8733;5;S19;C
9654f9ea9405cb5952956805eab6b42f188e2509af61b4afb1562533eaa30c56;10007457;CalComp Shop;10007457;O2;1;G3;1;Não Informado;816-455-8733;5;S1;C
9eb2c016b9586d03449edab886afbb52ff9fdc3e78d9c73d354c6d7c46e01d48;10026843;XVT Shop;10026843;R3;1;G2;2;Não Informado;816-455-8733;1;S1;C
1f9cccf2bf7a37f016ce2f7221b8dc2dabb8de0fe83fdfcd25140ec11673ce9c;10021736;Patton Store;10021736;R3;1;G1;1;M1;816-455-8733;5;S19;C
56716194e55a79e8f32b056103eab4e6a58b845688894203c6a5b5b207e6edba;10024999;TAGnology Shop;10024999;R2;1;G2;2;Não Informado;816-455-8733;4;S5;C
21f305087c7da50f501818af1995619cc3308bec1d50e1fa92883e3bb71390de;10026348;WDND Shop;10026348;O1;1;G2;2;Não Informado;816-455-8733;2;S5;C
b3af05f3a71fbf9b9f572279b6da8867563dfe590bbd237452d421b2a5bd87e8;10019105;Kensington Market;10019105;R3;1;G2;2;Não Informado;816-455-8733;3;S1;C
41413f389e3531b83c8dc9bd4b86e7e21dfa99b9db9af518cdae19bcb1a49349;10019942;LMAO superplace;10019942;R3;1;G2;2;Não Informado;816-455-8733;4;S16;C
f3f8b50b417f837504e0372e27009a81f5c7928c72b0ea515bbec9c7226d9349;10026062;Venable Shop;10026062;R2;1;G2;2;Não Informado;816-455-8733;2;S5;C
50d6913523776121fcb9161265d01bfa0abce3f1073439daa9a8e3665d8e5ee2;10004516;Besicorp Shop;10004516;R3;1;G1;1;M1;816-455-8733;5;S19;C
e85de3fb105fe8fccd5682814fb05be766b98c23bae07a42b48473be50fb0973;10015267;Helfand Store;10015267;R3;1;G1;1;M1;816-455-8733;5;S19;C
ba30665a3d3c80b386c892c66d945f2ca824a9713ad14add52a1197e73bb7095;10015495;Hennings;10015495;R3;1;G2;2;M1;816-455-8733;4;S16;C
92ee26b4094576fe2c642840cfe7267f06d36ae5ebae10c5d5a9915606609b5e;10002969;activeDesign Shop;10002969;R3;1;G2;2;Não Informado;816-455-8733;3;S1;C
fb6e4d746751f2921af969674635697843fcd72fbd89215df62368fbf173dc9d;10020864;One Store;10020864;R2;1;G2;1;Não Informado;816-455-8733;5;S1;C
3d73bd303e32f41a714c03d488408735ad1b125fe3778fa01fbea476fdd9cccb;10025238;Team Supermarket;10025238;R3;1;G2;2;Não Informado;816-455-8733;1;S4;C
024491b77818676290fabc3fc796a788f492fed0b460b92ef4e27fb13d45d8a0;10016784;IBEX Shop;10016784;R2;1;G2;2;Não Informado;816-455-8733;4;S5;C
c58a42e8d7f04d92275a2a88fce4b17a25d194cf0609bf560d1179abb69b8368;10014803;HCHS Shop;10014803;R3;1;G2;2;Não Informado;816-455-8733;4;S16;C
1b0a144647c2eefc7098046fbc635dbd51aaf2fea01f30123dd46101a9ce50a2;10018363;Jones Stores;10018363;R3;1;G1;1;M1;816-455-8733;5;S18;C
00e710a6e39704a774774df3f6f49f860a560752f0b61d55204cf9ea568d233c;10010855;ECI Supermarket;10010855;R3;1;G2;1;Não Informado;816-455-8733;5;S16;C
48f9f219074112f58db2223f2bf3c30fb058df45228d77a7eb494c0c7d477ab1;10025791;Valley Market;10025791;R3;1;G2;2;M1;816-455-8733;1;S16;C
30de3835a25dcafabb1801db5e3b88aa6ad2d4356890051afb761efc76b93f0c;10025049;Tao Store;10025049;R3;1;G2;2;Não Informado;816-455-8733;1;S16;C
e45c3a638900fc9d531fe4a0b4e910766b5ffe0f724d9c70bda45f9b1b2a033f;10021145;Pacel Shop;10021145;R2;1;G2;2;Não Informado;816-455-8733;2;S5;C
fcc7362e4611ccac4ec0c706d8c7f276e6f6f917cc4472c33f5b90eb09f6bba8;10006917;Borden Supermarket;10006917;R3;1;G2;1;Não Informado;816-455-8733;5;S1;C
a5538a87344980c858155fe399a58ea31f2884638dbba3d843ed177d2547ea7b;10011052;Elucidex Shop;10011052;R3;1;G2;1;Não Informado;816-455-8733;5;S16;C
d863aaac1dc98e37131cb5141b62410ba5d77d6384bbc4333fada0118b2cf10d;10018644;Kabbalah Shop;10018644;R3;1;G2;2;M1;816-455-8733;4;S16;C
2e353e3df8c74ea88265aaaf693890cb8b171513f627827a4ae070239b0dca8c;10006916;Boott Store;10006916;R3;1;G2;1;Não Informado;816-455-8733;5;S16;C
36ea539935418dfd8a46821fec1c6acef9bc2664e0cbf6729636c8fda64bc7ef;10016564;Home Market;10016564;R3;1;G2;2;Não Informado;816-455-8733;4;S16;C
c5734f394d4d9cb6c7b0cc042b63da6c756bdb579446b0908c0853071d57dd8a;10000462;a2i Shop;10000462;R3;1;G2;2;Não Informado;816-455-8733;4;S1;C
285e38224e9026ecd3541e7712d8dcd8b6fb7d065e71949d47b3765003f31f09;10000601;Radio Market;10000601;R2;1;G2;2;Não Informado;816-455-8733;2;S5;C
4e54b4bc902cd5d4ba2994b9f27ab090a954f23dbf971967d78e9719ef117944;10000471;Aadast Shop;10000471;R3;1;G1;1;M1;816-455-8733;5;S19;C
de31f35a4ba54985b71eb7a545878d1001c003315240bfbcbce2f16d1fefbb87;10009639;Data Supermarket;10009639;R3;1;G1;1;M1;816-455-8733;5;S19;C
be58054b533c428a8aa72ab617967017ea95979977d95843f0f4299345968e0c;10002114;Accel Supermarket;10002114;R3;1;G2;1;Não Informado;816-455-8733;5;S1;C
f6c6682a6efda3ef2d50839a13c23a4fdfbb32cc672c5cb934eb4aa64c0eb9fe;10015789;hesketh.com Shop;10015789;R3;1;G1;1;M1;816-455-8733;5;S19;C
5c51bac87b2866d38d6ef4141f82c275b8569059f8761611ae3244c6ac447eec;10016807;Ibis Shop;10016807;R3;1;G2;2;M1;816-455-8733;4;S16;C
6fd7ab2ac9579cf8de1801f5f40c1110a8efb2a13cd20a510c63073ff11cfe74;10008602;Caprica Supermarket;10008602;R3;1;G2;2;Não Informado;816-455-8733;3;S1;C
f3500b64c673ec9c897fe7a7abbf44c437127da07a6eafe064190ada9b994953;10009863;Deere Store;10009863;R3;1;G1;1;M1;816-455-8733;5;S19;C
089609fe2ea5840cf55367627ee2e57b6ed0a18f9e0e6bae57f20052d935ffcc;10024022;Screen Supermarket;10024022;R1;1;G2;2;Não Informado;816-455-8733;1;S20;C
feee314a9d80633a09647af6309e7ef8d7a6a79c053ce45b71fc1c0bd941d105;10003749;Associates Shop;10003749;R3;1;G1;1;M1;816-455-8733;5;S19;C
33f748c945576b0b6e5a90e2681b79753d32c45a08870da110ed589b4db65709;10000453;A Supermarket;10000453;R3;1;G1;1;Não Informado;816-455-8733;5;S19;C
921a7fdd6135901ac2a549eb4b828c2b27e27a22a36ffef3f2fc44d3aacf9be1;10019066;KENROB Megaplace;10019066;R3;1;G2;1;Não Informado;816-455-8733;5;S1;C
71e81cb0ec8c6eda12290c19314f4424e42dc8501ee20416545f5339f9c620a7;10023760;SataMine Shop;10023760;R3;1;G2;2;Não Informado;816-455-8733;3;S1;C
fe28870837ae92e4906f44fc91c598256bf57b134be9e8520c8610d2334379ad;10009606;Champs Gigaplace;10009606;R3;1;G1;1;M1;816-455-8733;5;S19;C
899f68f53603c562afd7a05cc3bd97ab5206232b93e18e1aa78369b4fecfc0bb;10020281;Mb Market;10020281;R3;1;G1;1;M1;816-455-8733;5;S16;C
9313398bbc5ac66ac7d90b080bbbd02e52eca00888c714eb35cdf950e7c50cee;10023471;Road Warriors;10023471;R3;1;G2;2;Não Informado;816-455-8733;2;S16;C
3164b9f77df7a152efc29e63b3a1c9aaac2e99b66ce931575562f9f4cd6d272c;10009676;Pereras;10009676;R3;1;G2;2;Não Informado;816-455-8733;4;S16;C
6593545f746b4e0f8b521b5ec303be642c037e41f4decea6d56ceddecf04bc49;10023516;SAIC Supermarket;10023516;R3;1;G2;2;Não Informado;816-455-8733;2;S16;C
16406d93ed478dc64b22e92a56efb4278ad4bff43adc51e45406c195b49bbfd4;10024942;Tag Supermarket;10024942;R3;1;G2;1;Não Informado;816-455-8733;5;S1;C
236c4d8a849d98313c609d628c0508fa31990d6161ccc93c2789234613b528f1;10005376;Bibb Store;10005376;R3;1;G2;1;Não Informado;816-455-8733;5;S1;C
d28c2b8458d66ffc847773a3e2461c72ea6c3dee58bc15e2db75518a0a3becc7;10002709;Active Store;10002709;R3;1;G2;2;Não Informado;816-455-8733;1;S1;C
83d2dab8ed9df32344eed1555f1bbf4457e08be78196f41f0fc14d268f283886;10005922;Big Supermarket;10005922;R3;1;G2;1;Não Informado;816-455-8733;5;S1;C
056f72f44694517df91d64b2098a6ba50f178a8e86a84478b4a5b0830ab49b88;10025063;Taroch Mexistore;10025063;R3;1;G1;1;M1;816-455-8733;5;S19;C
a3d15f2a6bc5bf3df212462d014a89493ff75e6124a9da96aa21553145eeb706;10024743;Stone Supermarket;10024743;R3;1;G2;2;Não Informado;816-455-8733;1;S1;C
590ccd130237bfc0f87c0e95c856f00cb816318cd48caee0c08f724000f20f50;10023212;Reuters Supermarket;10023212;R3;1;G2;2;Não Informado;816-455-8733;1;S1;C
2071d91369541ae0630ab4bcbfcda53c3d30bf6f0b9b5933bbd0ea614976fd8e;10018580;K Supermarket;10018580;R2;1;G2;2;Não Informado;816-455-8733;2;S1;C
726c7bf83b9d76c482ccc6838fec5d4d48c506feac17d4b74cbfcaafc2db4343;10003554;Ad Supermarket;10003554;R3;1;G1;1;M1;816-455-8733;5;S19;C
be26a0c498a468bfa6658db17aade0ce16d9df6804b2450d09009bf088a0f512;10013127;Garbee Supermarket;10013127;R3;1;G3;1;M1;816-455-8733;5;S5;C
5fd9716c000af3ff4e3b0f19de73959c26c954c4b979898033d7348baf55ae2c;10025158;Taskers Supermarket;10025158;R3;1;G1;1;M1;816-455-8733;5;S19;C
471a4732f26c76ce494b1fdc4b8e9773048fa31f49d9c8088084e6648d56b8cc;10007120;Brinco Store;10007120;R3;1;G2;2;Não Informado;816-455-8733;1;S16;C
26ee51ab6a639d06d16aefdafaa5018999667c629084c8de94a100cd0bdaf425;10010970;EDP Shop;10010970;R3;1;G2;2;Não Informado;816-455-8733;2;S1;C
adf918fe788c24bbbc03bd0fc13409961a778418d7dbc8ffffb6d9352340c0c2;10022725;Razorfish Shop;10022725;R3;1;G2;2;Não Informado;816-455-8733;2;S16;C
ead56a463f3c8b15c2160aff20256d5f60b1dace6921bce5208193c827995033;10025023;TAL Store;10025023;R3;1;G3;1;Não Informado;816-455-8733;0;S5;C
74a214b0c1f98685beb42c768aa9f0d0b9bf07f5078f6597927f8f98ceb0ace8;10006836;Biz-comm Shop;10006836;R3;1;G1;1;M1;816-455-8733;5;S16;C
38abbcbc0e1af033f02375f8b176820b2704d9061f1e7a1f575153ffa7bb0fb8;10002136;AccessWare Shop;10002136;R3;1;G1;1;M1;816-455-8733;5;S20;C
0fd411af0cbf2b6e1b1a75b1be656cb82569e0203f8ccd304c1b270ff0fabf8f;10019665;Labatt Supermarket;10019665;R3;1;G2;2;M1;816-455-8733;4;S16;C
fd691117fe4adcd447dacdd9de0d7dd476e1085645f04595f8e550435bf6b88c;10015956;Hidden Market;10015956;R3;1;G2;1;Não Informado;816-455-8733;5;S9;C
030552bb96710e772b23c3dbe9dd32d81448a74e836645159af249686f37a9c6;10023785;Satyam Shop;10023785;R2;1;G2;2;Não Informado;816-455-8733;4;S5;C
6f2e526816a01281e117761030656a50d3d8df8cff49678dd1ba17b8fde9e8fb;10009657;DC-Works Shop;10009657;R3;1;G2;2;Não Informado;816-455-8733;3;S16;C
231dbbeb1fd018fc1ec28078acfdcc8d6b75eeaf629ee527f08aaa942e0bd570;10002155;ACES Supermarket;10002155;R3;1;G1;1;M1;816-455-8733;5;S18;C
c2e5680efd755938441dc0c60d986d260e158f6ad5661a76bbc8c88821507523;10021242;Page Store;10021242;R3;1;G3;1;Não Informado;816-455-8733;5;S17;C
ffb2e06ec45ae5ccb7fbcdc0179afd77674928056986a20e7c5f2457b98fd16b;10015793;Hetrick Supermarket;10015793;R3;1;G2;2;Não Informado;816-455-8733;1;S16;C
fa7f6a458be77c2e3149256e680c47806f4b873b084e1024d1612bc81ef9f5a2;10021231;Packard Supermarket;10021231;R2;1;G2;2;Não Informado;816-455-8733;4;S9;C
439f1c8f17b3f5a14ffac3badbf7ae0f34acfeaf02f8e6e640805afd5e461fb8;10026336;WBM Store;10026336;R3;1;G2;2;Não Informado;816-455-8733;2;S16;C
0d0ce13b2b067be4ac1f7cc89f29bb85426df8bb6cc0d2498cb7581995b4efd7;10007123;C Supermarket;10007123;R3;1;G2;2;Não Informado;816-455-8733;2;S16;C
ec78e52c100c2b56c11e21cc23566fc78a5b63676cdec3895881a00d902831f9;10026299;Watcom Maxistore;10026299;R3;1;G2;2;Não Informado;816-455-8733;2;S16;C
d7fe91c4dc60b42c7b474d727c7715437c271381063f508c7006fa9647aca900;10022431;R&J Shop;10022431;R2;1;G2;2;Não Informado;816-455-8733;3;S11;C
b9be5919e3c499e9366e4a0c350ebb616b0bbda138dbdf99012bac1a8b217286;10006977;Brazilian Supermarket;10006977;R3;1;G2;1;Não Informado;816-455-8733;5;S16;C
88a28f81ea1d43ac2864de4ef90a83d52fd730bed59d0d3d75926c4a26e9ccaa;10026081;Ventana Maxistore;10026081;O2;1;G1;1;Não Informado;816-455-8733;5;S1;C
1ded3e0c0bb39853574881fcbb441320f963c08b417a3c3377ba35458c0b98fe;10020227;MaxBan Shop;10020227;R3;1;G2;1;Não Informado;816-455-8733;5;S16;C
b2bc3db557d9cdfd08ed365fae384e829f68e22618206c9dabc6389bab259414;10025086;Tartanchase Shop;10025086;O2;1;G1;1;Não Informado;816-455-8733;5;S1;C
879c87b9254e0c7660022360ae81ed7b41c24436db420067b6b0fd3e58c40265;10009631;Clearout Shop;10009631;R3;1;G2;2;Não Informado;816-455-8733;1;S16;C
4c1aa39e29d00fa4edd517b4732d9ffc1a4ef7d64b00bcd2b6fabc79855be42e;10010882;EDA Supermarket;10010882;R3;1;G2;1;Não Informado;816-455-8733;5;S16;I
85b24005aaf9ce74d3053c1a5cae726f5b98a3736a62cba60bb7445d83b6be05;10012234;Filmotype Shop;10012234;R3;1;G2;2;Não Informado;816-455-8733;1;S16;C
caf6db90bcbe80b98f8c393d07a941094c71448b5d697af3ab6d124ccd3b1eaa;10020393;Minneapolis Supermarket;10020393;R3;1;G2;2;Não Informado;816-455-8733;1;S1;C
223abe22d13dbf597883ff72d4cba93674856a186e12c78110c07a9a72e32a51;10025247;Telesat Supermarket;10025247;R2;1;G2;2;Não Informado;816-455-8733;3;S5;C
f9dbfa7805993e5f2f8dbb8656c227daa40e0e6bd15490da1af150d97d4629f8;10018868;Karickal Store;10018868;R3;1;G1;1;M1;816-455-8733;5;S19;C
3906331dafdfd226e2c8e7e4c9b59c2c1ce732fdebe89d809500488f381c0241;10025024;Talarians;10025024;O2;1;G2;1;Não Informado;816-455-8733;5;S12;C
3db856a22871aded611a6079812b0eb910e6ba1faec6b68bec633cef333d2bda;10022423;Qwest Shop;10022423;R2;1;G2;2;Não Informado;816-455-8733;4;S5;C
2781f3f09a2f55f632460e92b8cd09203e4e5f0ea735a0075e53754dd0e4b542;10023022;Renaissance Supermarket;10023022;R2;1;G3;1;Não Informado;816-455-8733;0;S8;C
9de71f9a011f48d9d628069bc8a7344322a6ed0893ed4435a8d05bb5b36144d3;10010698;Earth Shop;10010698;R3;1;G2;2;Não Informado;816-455-8733;1;S16;C
e224a150eb1587afc4776f4918e35435f9bfa938e7a73c4908d333aef1b113fd;10026055;Dellovade, Supermarket;10026055;R3;1;G2;2;Não Informado;816-455-8733;4;S16;C
ee65fd9cceaf0be34f117510c308679f5301c0fdcd8456984d586d10609a3b86;10009623;Chas Market;10009623;R3;1;G2;2;Não Informado;816-455-8733;2;S16;I
5c65e1637ca40183421348d1f952e2bdb62cb375a8ab3bcb7ba87ae23e4d658a;10003882;Beech Supermarket;10003882;R3;1;G2;1;Não Informado;816-455-8733;5;S16;C
5f4ff407d3fa092bac7c85ef42c78274bdbf7b0f4a519c1004a44cf31182871d;10018129;J.M. Market;10018129;R3;1;G1;1;M1;816-455-8733;5;S19;C
986d1ecd14f2fbda8e4e27691b82cd90ed5f4e0518472e52a18933974658c8fb;10025288;Transylvania Supermarket;10025288;R3;1;G1;1;M1;816-455-8733;5;S19;C
1ec015f79d9a6684704b0a6e1730eca524954f69188f342e9e40028f6abf7208;10020332;Medics Shop;10020332;R3;1;G2;1;Não Informado;816-455-8733;5;S16;C
22d4bb4f34e745a10c209666fb7d6dbb7a0222a5017f5175fa878d8e9f5595df;10015253;Hekimian Store;10015253;R3;1;G3;1;Não Informado;816-455-8733;5;S8;C
f92674581770930fd0a6c1640d6d0fa55c94e7ceb710118e509ee79738af26b9;10018628;K.C. Supermarket;10018628;R2;1;G2;2;Não Informado;816-455-8733;1;S5;C
5e8cd5b03e10b6916f60adf20df08856b69e728633d551feeb4873c3aee44f8d;10026606;Xilinix Midstore;10026606;O2;1;G2;2;Não Informado;816-455-8733;4;S12;C
2f9277dd5378a33edf89c662d93d0cc502fd8ba96faf0abb2c610a0b0f4843c5;10019897;Livermore Store;10019897;R3;1;G2;2;Não Informado;816-455-8733;2;S16;C
a7115afbb8eac016e403597450d29bd41f971ff66b2f73aa2d995443efa510c4;10018352;Johnson Store;10018352;R3;1;G3;1;Não Informado;816-455-8733;5;S5;C
55dbad89e7aea426ec415f88e21a75beec9d56db8a92ed6de15eb96a38c8b819;10024924;T.M. Store;10024924;R3;1;G1;1;M1;816-455-8733;5;S16;C
50a1ce28a6a732767e5c9d0329e9a46e505f482f7e0f11db91b1ca2619f12633;10025251;Time Supermarket;10025251;R2;1;G2;2;Não Informado;816-455-8733;4;S5;C
8fa5b495ef14c74de4c724c48695a74eb662833c22c71ba6976680e49b32d84e;10022252;Quantum Supermarket;10022252;R3;1;G2;2;Não Informado;816-455-8733;4;S9;C
e0f3e973639386c4b50e6a184e897c7258dcb998f5a10af1c2838bacdeca1dd9;10025252;Times Store;10025252;R3;1;G2;2;Não Informado;816-455-8733;4;S16;C
0aa5d6511015d760c8a52d30aa2b09fce8795f4b92b541da444a0ed2f21e4cd8;10019150;Kentucky Supermarket;10019150;O2;1;G2;2;Não Informado;816-455-8733;2;S12;C
90dd70af971ecfc56d2fe4ba2004b5b76b99902ca983bbf8e9345bd78eb07565;10021222;Pacifico's;10021222;R3;1;G2;2;Não Informado;816-455-8733;1;S16;C
7d20f6cbfff418a717870d0fd9da6264d52004da40aaffceb575c3d5ba43d3c3;10026355;We Market;10026355;R3;1;G2;2;Não Informado;816-455-8733;1;S3;C
b5c7bebf7fa1dce2be2b9f0a080f6fa2aad2ad3a9f783ea437608f40cbaa5112;10009985;E Supermarket;10009985;R3;1;G2;2;M1;816-455-8733;1;S16;C
1106862945506e4a4d26f14353274b7d5b5d29c864a0957096fbbb3bfc637ae3;10022450;R2J2 Shop;10022450;R3;1;G2;2;M1;816-455-8733;4;S16;C
78e5263f4c02ebf28c385236cfc756815d2ba49d73b2ce436fbb288f60cc4b8d;10001818;Acc Supermarket;10001818;R3;1;G2;1;Não Informado;816-455-8733;5;S16;C
0b9e5c9631719f1d7349c35eda62aa9c2ae01c7f86435149cf7480874701f158;10027370;Zeroo Gigastore;10027370;R3;1;G1;1;M1;816-455-8733;5;S19;C
46f7edb5a4cf2088967aa3e95739854364f55faac269fa88dc5511ed0d12c2cf;10019109;KentISP Shop;10019109;O2;1;G2;2;Não Informado;816-455-8733;1;S12;C
50a53f1c04375f2f6ef1bcc0aa8be633264cae51dce7d90ff9a11fd79a9153a8;10011355;Enterprises Shop;10011355;R3;1;G2;1;Não Informado;816-455-8733;5;S16;C
80fb3b4b8f1274eb4e0b70c238dd55b840f67ddde8ddfa9a9a5323fb2caf2383;10000473;Aaron Supermarket;10000473;R3;1;G2;2;Não Informado;816-455-8733;1;S16;C
ddd5bf8bb4d9665d971745e622118e8b742bbafd1db47e1742a4987478f42c04;10021668;Pathlight Market;10021668;R3;1;G2;2;Não Informado;816-455-8733;4;S1;C
ce00a234d6427fe96a03c8528db4ef3da7361d2c2bd6095cb9e0aee2dffdd211;10009647;Dayton Supermarket;10009647;R3;1;G2;2;Não Informado;816-455-8733;1;S16;C
678bafe6b305165eadca532d3cd763345cf7bae42a273ca477321fb70629ea29;10025039;Tandy Superstore;10025039;R1;1;G2;2;Não Informado;816-455-8733;4;S11;C
e1be3fb4329a9890b37d544d672154639fcf2003b96126509161de38b50aadce;10026522;XCOM Shop;10026522;R3;1;G2;2;Não Informado;816-455-8733;4;S16;C
d232a80fa04c32258ae2db8b23f509657585a847199ec5fc602c03a98e8e0b09;10000501;Absolute Supermarket;10000501;R3;1;G3;1;Não Informado;816-455-8733;5;S5;C
6d5478cd480d81e89daaf39e8a123780939f5c4d56306c0c7edf96dbd02d99eb;10013341;Gatierf Supermarket;10013341;R2;1;G2;1;Não Informado;816-455-8733;5;S2;C
fa80c7e8dc862a16e99d48721c05ff7dbf916fd0c00525af9806c2dcaf03c0cc;10017054;Icon Market;10017054;R3;1;G2;2;Não Informado;816-455-8733;4;S1;C
e0f1cdd14125d23b8547e12f740107344888ad492f9ba5767f427ba582978fd2;10022167;Quallaby Megaplace;10022167;R3;1;G1;1;M1;816-455-8733;5;S16;C
ff1a5d17b694d99b60e436368f12324f281734019d3ff94d8490ccd81454750f;10012369;Finest Supermarket;10012369;R3;1;G2;1;Não Informado;816-455-8733;5;S4;C
e68c02c9692d1e9c1fc48dd5e4bee13e46a2726e8c22b6c1eb457bec8b210d68;10002142;AccuCom Shop;10002142;R2;1;G2;1;Não Informado;816-455-8733;5;S5;C
315c6f1ae7302fb9c93d2b13aa2f693c24ff68e1dc154922f81020f4aacfc1b0;10013061;Gammel Group;10013061;R3;1;G3;1;Não Informado;816-455-8733;5;S5;C
5b1df218fc747ee1fcb624c669cc6ff03bcf4033b6d321a8f49e3b3699b9da84;10025249;Texasgulf Market;10025249;R1;1;G2;2;Não Informado;816-455-8733;2;S11;C
9123028f8aa91ae709719666c0d45116c52476bb2bb629fc8a9093783004437e;10002153;Ace Market;10002153;R2;1;G2;1;Não Informado;816-455-8733;5;S5;C
a2c01fd07b62676e333d8f7444ad41f8961a46b7a5096d3cd3a9f619db495684;10011981;FIBERWORKS Shop;10011981;R3;1;G2;2;Não Informado;816-455-8733;1;S16;C
7eee80852767541bfcfd6352385aa69b536e2b862c2c5e2500979c2fabb0181f;10025246;TECC Shop;10025246;R3;1;G3;1;Não Informado;816-455-8733;0;S5;C
78f60342fcbb87d2b881e94dad7cf1d79e1ad533c7d9316c533ee94d73741605;10000497;Abplus Shop;10000497;R3;1;G1;1;Não Informado;816-455-8733;5;S16;C
6b0a7a67c66600e35e67eece1ba825372a86cc32a531bada230d6a02aace01d5;10026291;Warsun Supermarket;10026291;R3;1;G2;2;Não Informado;816-455-8733;4;S16;C
e85df7d9357bbc3a9a3525483e660c43650c1ad0b32a58ab5fc956d308576fde;10025814;Valpatken Shop;10025814;R3;1;G2;2;Não Informado;816-455-8733;2;S1;C
73d097cb2015b16660885fae76601963b0d4b5b7c5eeb7da21e3e4631041bf01;10006862;BL Supermarket;10006862;R3;1;G2;2;Não Informado;816-455-8733;2;S1;C
b1afec3c5e1914cded8c869ba9b0ce4fc8ab01f51e930eb3ecd144e3c564a3cc;10020192;MATRIX Shop;10020192;R3;1;G2;2;Não Informado;816-455-8733;1;S16;C
aee1c1a6c8bf6aad4bd5c309397d58ad5cd4e810d540c08ecf2e9eb64e2e4d2c;10019678;Laker Market;10019678;R3;1;G2;2;Não Informado;816-455-8733;1;S16;C
e4bdfaa9f1a7082820fa29023c2055135b5f4bc9a9b9c1548b85d13dad8a31ea;10022240;Quantum Supermarket;10022240;R3;1;G3;1;Não Informado;816-455-8733;0;S5;C
a7bded717b83b2a3b2c13c358726616f2d4f2c5afcf48169e0852b33edc88377;10013312;Gate9th Shop;10013312;R2;1;G2;1;Não Informado;816-455-8733;5;S9;C
a71bdd5b112a603ee9a718f19dbeea704874edc401bef5ef79d7f389b432e617;10020080;Lucky Shop;10020080;O2;1;G2;1;Não Informado;816-455-8733;5;S12;C
cee47cab05577891dcb2c53423912460b7047f0a05f6525b661d2728e4369d51;10002140;Accton Shop;10002140;R3;1;G2;1;Não Informado;816-455-8733;5;S16;C
713a0e5702b7c12effd075ca8670ccf52cc6bbdb2147bb0e5006b9bc3ecbb98e;10003795;Bechtel Supermarket;10003795;R3;1;G2;2;Não Informado;816-455-8733;2;S16;C
0282217fd6cef5de018abff4c8d0c591670f50608c168819e592e6c7c49c0230;10014540;HarveyOpolis Shop;10014540;R3;1;G1;1;M1;816-455-8733;5;S16;C
31960a28a727743deb1ceaa32880ae287ff4afa29ae29e92b3cc84979daee002;10025022;Take Supermarket;10025022;R3;1;G1;1;M1;816-455-8733;5;S19;C
96f84e33ad0b2bd3c6e7a2764058745248c55b0d71fdc1f2d622aeaa1cb519ce;10025289;Tredegar Market;10025289;R3;1;G2;2;Não Informado;816-455-8733;1;S4;C
277df3c311cd816f5d91c0046dd2a0e87726628a8e45001f273b7f6256e89aaf;10007577;Cam-Built Supermarket;10007577;R3;1;G2;2;Não Informado;816-455-8733;3;S1;C
f4239c242065aa548dd111b1f2792e5b6306fddc550fd644b832a75abc2e237a;10012600;FireTrans Shop;10012600;R3;1;G2;1;Não Informado;816-455-8733;5;S4;C
bd1d20010936a0fd64b8a9fe1fbc9eb8bdb2b69b26bd9c8eac526408c3833cf9;10013472;GE Market;10013472;R3;1;G2;2;Não Informado;816-455-8733;4;S9;C
f4ee8a223190a83f4722d130adec65d57b4e8f4579e63452051380a077396994;10005099;BF Supermarket;10005099;R3;1;G2;1;Não Informado;816-455-8733;5;S16;C
513554075cb96b21dea51d1116c98987520cd8f2ec1e6cb116e760d2c295272e;10021203;Pacific Market;10021203;O2;1;G2;2;Não Informado;816-455-8733;1;S12;C
607f341668abd66be00baaf42ddbdcc4b4cb35bc427bf79da1c07df44a29593d;10023715;Diss Gigastore;10023715;R3;1;G2;2;M1;816-455-8733;4;S16;C
63ebe55a21ac36188ab8a406397ad3b3863546651548c90b5676615fd2b20916;10014779;HBO Supermarket;10014779;R3;1;G2;2;Não Informado;816-455-8733;3;S16;C
562770fabf89139a7de6136c0c08df569471c81f208478453786a00e3482515f;10002137;Accidental Shop;10002137;R3;1;G2;1;Não Informado;816-455-8733;5;S16;C
a045befa30c491ac06999f2d9b15ed2d2d2d69d3a96d99390a07c600556c157b;10026023;VEI Shop;10026023;R3;1;G2;1;Não Informado;816-455-8733;5;S15;C
5a8a97a2f45a9ced74cdfea8c49e68d6dcf18d01ccf13db098877b2687d5ead3;10021179;Pacific Store;10021179;R3;1;G2;2;Não Informado;816-455-8733;1;S4;C
2479cd775eb9fba65fd5921064acb7166da0cc2bc48b0235da804a6284d3f5d9;10011018;Eloi Supermarket;10011018;R3;1;G2;1;Não Informado;816-455-8733;5;S1;C
60dacd51ce63c444710e5eeba05f3d9e5967064131563ae7bfdb11a7c463bf0d;10025919;Vanstars;10025919;R3;1;G2;2;M1;816-455-8733;1;S16;C
d26c8be4d7aed357ee436dfe47a21cfd3426c07cf223046c508bfc1566a6a7ea;10017585;Ilog Shop;10017585;R3;1;G2;2;Não Informado;816-455-8733;4;S16;C
7127608d4a7332ab4ecc0db3479e63be56aa2018d302c50599576980a7926879;10023275;RFI Superstore;10023275;R3;1;G2;2;Não Informado;816-455-8733;1;S3;C
ed1ec03ded86e9b5e4551a3773d28f84fa43e7821f37723ab664c060b25ea5c7;10020446;NACSCORP Shop;10020446;R2;1;G2;2;Não Informado;816-455-8733;4;S5;C
323d666f7b96ae8272d995f7a70bc0c748ba5b59f373a7cafb13d2dd35a1484e;10014802;HBS Shop;10014802;R3;1;G1;1;M1;816-455-8733;5;S19;C
445bd818275807f2d35c0f6333468fb2eee9e89432185aa399f09f2acf81f2d9;10007536;Calypso Maxi Store;10007536;R2;1;G2;1;Não Informado;816-455-8733;5;S5;C
5019f9bda92f0a2edada360d1a630a24db1c2cd4f7ff87a5ca94c0f34ff87c99;10026532;Xediom Shop;10026532;R2;1;G2;2;Não Informado;816-455-8733;4;S5;C
a10cd5aec3a29de8974901c181c3f0574bfa133cc4ddb594b43be2bc9a31670a;10024524;Southam Supermarket;10024524;R2;1;G2;2;Não Informado;816-455-8733;4;S9;C
101a2d2dfa3d8c26dd5c083927242156217878561834384b28c4c52001f8322a;10010897;Edify Shop;10010897;R2;1;G2;2;Não Informado;816-455-8733;2;S2;C
ce58b20a7e98e55fa4be04832697a75a549a967bf974bdd705f92773db41830e;10025508;Unimedya Shop;10025508;R3;1;G3;1;Não Informado;816-455-8733;0;S5;C
e7e2d19839a7244c7e0b2ae8fdf24d0f0223e0a3a320fcb23b59baa4ddca3fe0;10019812;Lewis Supermarket;10019812;R2;1;G2;1;Não Informado;816-455-8733;5;S5;C
ed6490ba47f8d4942a005e4f3b7110e986aec565b9e172c4965087f6701045a8;10015325;Helius Shop;10015325;R2;1;G2;1;Não Informado;816-455-8733;5;S5;C
f74dc1eb5b6f43af8e8b1e2e43ccc0183a85c25af4ff88c94203690c1e1d1b2a;10025239;Teamaker Shop;10025239;R3;1;G2;1;Não Informado;816-455-8733;5;S16;C
64cb127e2c2607591f02732077f6e2f86521ef1330b20e0ec3a6fac816d8fc6e;10008593;Capitola Market;10008593;R2;1;G2;2;Não Informado;816-455-8733;4;S5;C
693bc884b9c9f1aac9ea7d072ab39eea1a15a7597892b7109fde11518c82c5e6;10008134;Canter Shop;10008134;R3;1;G2;2;M1;816-455-8733;3;S16;C
7654b54d7c6e55f3b716f557fa923dc179048c39299c9703fcd9111b91893fcf;10006983;Brentano's Shop;10006983;O1;1;G2;1;Não Informado;816-455-8733;5;S5;C
b256d2fd25344d82adcc7b38bfd83743e53766e973a12a4582e01e29d9364603;10016303;HMR Shop;10016303;R1;1;G2;2;Não Informado;816-455-8733;3;S20;C
d22f007aa5bb7fd92078e6a0a88c984e41b4f4f50156387056a4141c9a784bec;10021300;PageWave Megastore;10021300;R2;1;G2;1;Não Informado;816-455-8733;5;S9;C
ec8829fe94779bf8420f5f6075b069733050fafd521895ec1ddc37e34d7862fb;10014059;GURUs Shop;10014059;R2;1;G2;1;Não Informado;816-455-8733;5;S5;C
4f42eba340b008360ec6a12da63a5e429d130babcec0a22027df7993c271e840;10004256;Benedict Shop;10004256;R3;1;G2;2;Não Informado;816-455-8733;1;S16;C
f627d71fa96ba9ebff1beaa2b18dd54bca63c3576f7127a0507dd503372d57e4;10020663;Neos Gigaplace;10020663;R3;1;G2;2;Não Informado;816-455-8733;1;S16;C
1945d406b76a2c555425e9c933a91461e8597320b8f75b74c957fd018b429ea0;10024541;Southern Supermarket;10024541;R3;1;G2;2;Não Informado;816-455-8733;4;S9;C
716580f2e274fad231533f379b9c0b3b5d7daa33980caa55e39ff8e8d531d7d0;10011089;Embedded Supermarket;10011089;R2;1;G3;1;Não Informado;816-455-8733;5;S8;C
18c7e3eaf4a5cad8f48c30c79b97327cdb46275ac1b3ffd3bfa9d2233f87b76a;10008893;Caravelle Shop;10008893;R3;1;G2;2;Não Informado;816-455-8733;1;S1;C
5d20f5f40d9644a120109fec28e4f3cc6793aa0b1a20b3dc593d6a95117e1a5e;10002746;Active Supermarket;10002746;R3;1;G2;2;Não Informado;816-455-8733;4;S9;C
bab8d9a0f39441d289edcf5ae1158e14f78a378878742deeac460f4bb6ce034e;10023538;Salamander Supermarket;10023538;R1;1;G2;2;Não Informado;816-455-8733;2;S11;C
81ab85eaa1c92a832fe69750bb88943922dbdb27fc19aa677bffaac42174557a;10020715;Old Store;10020715;O2;1;G1;1;Não Informado;816-455-8733;5;S1;C
2865c92568c21071bb74767e3775226029fa1fe11c4b7d61332efb28fae933f2;10016588;Bounds Megaplace;10016588;R3;1;G2;2;M1;816-455-8733;2;S16;C
c647895e2c6ca19aa0e906cb87c345e6314fb7084904efdd83b56df17492bd1e;10025771;VA Supermarket;10025771;R3;1;G2;2;Não Informado;816-455-8733;3;S1;C
4fe72b10b3cc6ef391e8cf1f58e1f66fe73f40901e42399a2cb336c8d9caa620;10011623;Federal Supermarket;10011623;R2;1;G2;1;Não Informado;816-455-8733;5;S3;C
c603a74205661db89ffa30e26cc600d8d3d2184c69b7bc7d6c776bf2f7453afc;10024477;Smith Supermarket;10024477;R3;1;G1;1;M1;816-455-8733;5;S16;C
8f38c879c619a977d8867d84f9958cac905ddfcb3b268c6545deeb58839fd4d3;10025769;UUmail Shop;10025769;R3;1;G2;2;Não Informado;816-455-8733;1;S1;C
6b97e6c81b0e9814b50c3222e7a5763429d1acac3d690a312f6631a6d5a6b99c;10027050;Your Market;10027050;R3;1;G2;2;Não Informado;816-455-8733;4;S9;C
e2c079735065437d64d2f2008fa392c9d47065833df52e1b0056c0c7fc814e2e;10000458;A&R Market;10000458;R3;1;G2;2;Não Informado;816-455-8733;4;S9;C
09e7ec40b77a52ce7e9d18c64ca3af6ab53f84368c9f0ad8794c4265217b79a8;10025269;Toledo Market;10025269;R3;1;G2;2;M1;816-455-8733;4;S16;C
59e7ecaf42dad43975db558a5e562b55ce0506dbb9b0257b23c27aead65fb92f;10010887;Edia Shop;10010887;R3;1;G3;1;Não Informado;816-455-8733;0;S5;C
1219b13c48e19a0309ea9b10cf1a6f284e4e4b1d3e276ecef87a32f673aaf72f;10025575;United Market;10025575;R3;1;G3;1;Não Informado;816-455-8733;0;S5;C
0efb77318542d66eae74cd4f13da7e11b046e11ba253e2a8ea627b87413d7f86;10012161;Filetron Shop;10012161;R3;1;G2;1;Não Informado;816-455-8733;5;S1;C
bde5282dfffb1f247c6c94784d2064abcaad2e2d9c212e6b3a2a6ebe025054a7;10018603;K&K Supermarket;10018603;R3;1;G1;1;M1;816-455-8733;5;S19;C
8c8acce1fcb6f16e145b7be09cd3ae458f3cdfee67906a1d6cc0e023aee534d8;10004245;Bens Megaplace;10004245;R2;1;G2;2;Não Informado;816-455-8733;1;S3;C
4e4e106d7798f4cd980a9d9cbda5b1ff0709eeb3277cf2f28a1c628821c14adc;10025571;Unitec Maxistore;10025571;R3;1;G2;2;Não Informado;816-455-8733;4;S9;C
a69eb49f055cfc658dc5b2d9e415d46d2bba42c4d9a4ad549748c9bb3fbf4226;10017307;Idyll Store;10017307;R3;1;G3;1;Não Informado;816-455-8733;0;S8;C
3804296ffcd283475c9e0a91efbe9b86578e885222bdfba4f2b0e7a7766f870c;10020448;Nanao Shop;10020448;R3;1;G3;1;Não Informado;816-455-8733;0;S5;C
73f3f0a72adbf60b2cbe0216af7a27dc9a2b0aeadd6ec6a5adafb07a7cfce95b;10007866;Camros Shop;10007866;R3;1;G1;1;M1;816-455-8733;5;S16;C
31de1f9a67ce68dd6e0761f09055d1f07bc1fec1ae5d8e5d1ae4e41a231f2931;10007566;Cambio Shop;10007566;R2;1;G2;2;Não Informado;816-455-8733;4;S9;C
3e1cbeabf5be70cb51e10128b63e3f072fb4248a5419602c3aa5e0f4ac11f074;10025250;TICOR Shop;10025250;R2;1;G2;2;Não Informado;816-455-8733;2;S5;C
bbce752604f42cc77a3bb9729371fd55d575279fd2136677530c766f887d48d8;10020982;Outsource Store;10020982;R3;1;G2;1;Não Informado;816-455-8733;5;S1;C
f9ac7147b41be06ab9febedc04846a128992b59eb180753f3d83bb28e2144cfd;10010717;East Shop;10010717;R2;1;G2;2;Não Informado;816-455-8733;4;S5;C
3f124bedc5edb41f304dd9ba5c060610c81a7e802087faa89fb58ff2c4e521d4;10020684;Oklahoma Supermarket;10020684;R3;1;G2;2;Não Informado;816-455-8733;2;S1;C
a26168588acb8e607bb0a0562902e7943a1c77406324b4c08c100ba27ff5f42d;10009885;Degolyer Supermarket;10009885;R3;1;G3;1;Não Informado;816-455-8733;0;S5;C
f65d283620de175dc12551661358b182ce6d697af5ac7c02e10ac90ed029fbb5;10023003;Remedy Shop;10023003;R3;1;G2;2;M1;816-455-8733;4;S16;C
dbdc9253543cbc4b2d3187dcf801fdbac05ca429750b55ea781a6c11dece3a85;10010865;ECS Supermarket;10010865;R3;1;G2;1;Não Informado;816-455-8733;5;S1;C
1caa2cfcb113abf925b868f10c0aa22b35ac66f2fd2f13260c4c93824e7a0f89;10009660;DDR Shop;10009660;R1;1;G2;2;Não Informado;816-455-8733;2;S22;C
808dddb2d1431c8763d94abf6e43d64dcd9119de9e3ed88670d0859e5567f2ff;10022166;QualityLogic Shop;10022166;R3;1;G2;1;Não Informado;816-455-8733;5;S11;I
fd7ba39dde74d04a863aeab0219d7f5cae3a32426b096c00b110ae9a3ba31269;10014495;Harvard Supermarket;10014495;R3;1;G2;2;Não Informado;816-455-8733;1;S16;C
05d3c27f2ff5ab9d7c9b9a83c7fade0d20dca8f0119dc95601e4b447f01a0c39;10026268;WarRoom Store;10026268;R2;1;G3;1;Não Informado;816-455-8733;0;S8;C
0a82140ed3e803f71e43a8ebc364361136c21b700beba8d9e855fd8ea954bc03;10024248;Sifton Supermarket;10024248;R3;1;G2;2;M1;816-455-8733;1;S16;C
a276fda8e2dc1ac74276a4a520fc4d0db57d41c38a1a0d87702afb3412fc6d48;10000481;Abbott Shop;10000481;R2;1;G2;2;Não Informado;816-455-8733;4;S5;C
4eea4dfcd49610240e74faa8d107d75ff50795305e2ef8081545d5401cf71b2f;10005236;BH Supermarket;10005236;R3;1;G2;1;Não Informado;816-455-8733;5;S16;C
ac7a5b3267559fcbbd8b999f509c5a707381a4d7762edee57420c16b4e8dfc69;10023964;Science Store;10023964;R3;1;G3;1;Não Informado;816-455-8733;5;S5;C
65255340269b0b1979d0a5048767980f376dd162c77d50f32fa54966f5211e9c;10014047;Gulf Market;10014047;R2;1;G2;2;Não Informado;816-455-8733;1;S4;C
bb4c68cabc50198d55f40a53b2be54416e6c1f374034766bea85e387d2f71f54;10025515;UniPress Shop;10025515;R1;1;G2;2;Não Informado;816-455-8733;2;S20;C
001656bc1246c3ffcd02ffa9e0a171df2ce26290a7bd6f90ff2993403d9e5084;10021204;Pacific Store;10021204;R1;1;G3;1;Não Informado;816-455-8733;0;S4;C
3376e4495e3a03ebf9901d4799d4523b5c49e1f3857d684ab914ebb4df94b5b7;10020181;Markets;10020181;R3;1;G1;1;M1;816-455-8733;5;S19;C
713fc850d19cd45aec8b237008c98b7f19b53f8384f4695dfc087555543c813f;10002144;ACCUCOMP Shop;10002144;R2;1;G3;1;Não Informado;816-455-8733;5;S8;C
2735d864401f8aab1d5d947c2355edcb287a693e29ae03216e6f8732f19cd52c;10007253;C3 Supermarket;10007253;O2;1;G2;1;Não Informado;816-455-8733;5;S12;C
b34b1eb1add01d4e09073991e7e425f6bc02040055bb8843b3a7d9df682bdc15;10025304;UBF Shop;10025304;R3;1;G2;1;Não Informado;816-455-8733;5;S16;C
f0161687c82a189bb7ddd12a340bfd2aae85eb98d514df2ba08f1babe8a4dc5c;10025021;Tailwind Shop;10025021;R3;1;G2;2;Não Informado;816-455-8733;4;S16;C
0b077c7cf40081f3f18f794e2e1becb1dd5f48352da83425d92e003135af6649;10018867;Kari Supermarket;10018867;R3;1;G2;2;Não Informado;816-455-8733;4;S16;C
ffeac8429cbf4687319f70c331f3ade01d260f208cf62f2891cf3da7535794c5;10007122;C Store;10007122;R3;1;G2;2;Não Informado;816-455-8733;2;S16;C
f03e0e73fa8b193d840bc53770f8bca0281247030809f541d2b9f41600c945e8;10025243;Teca-Print Shop;10025243;R3;1;G2;2;Não Informado;816-455-8733;2;S16;C
f8f8ead9cd157d154471b7abc6880b7ac1b57e52d9ad30cce242f74628920477;10025062;TargetedListings Shop;10025062;R3;1;G2;2;Não Informado;816-455-8733;3;S1;C
15a82a5390a44b43ebf2b5b1aeea093cac86e77a17ab456dd398af230757fcda;10025299;U.S. Market;10025299;R3;1;G3;1;M1;816-455-8733;0;S5;C
559a5e923dff1fc4e7768140791fe8a801753087b5ef39307eebbae16af7610b;10021297;PageSites Shop;10021297;R3;1;G2;1;Não Informado;816-455-8733;5;S1;C
c74d5c251e689cefec980d9e0cafd3b58e0cc00015504224f925e631e0d0fb8f;10022249;Quantum Supermarket;10022249;R3;1;G2;2;Não Informado;816-455-8733;2;S16;C
f0ecabfd611640cf3568219365c7fd967dafc0a7c70ff8c188460aafa054a17c;10009656;DCS Market;10009656;R3;1;G2;2;Não Informado;816-455-8733;1;S16;C
0c53b93a6ee3b8c5c32b39d35fd798f0556272352058dd8f4bc65d2418eefdd3;10023513;Sagent Shop;10023513;R3;1;G2;2;Não Informado;816-455-8733;1;S16;C
bac6bb2d6b4f714460db8bd5c0442d8d2145c3b9042b53ad243c742e0ff540a0;10009907;Del Supermarket;10009907;R2;1;G2;2;Não Informado;816-455-8733;2;S9;C
b577de7e239974f3a32d7592cb60a71cee61709169950f3954c6b3c24d4ad26d;10026581;Xetron Shop;10026581;R3;1;G2;2;Não Informado;816-455-8733;2;S16;C
a178fcfe3848d917e1866560e06c82df520ed409484a719240cc4ab645929a7b;10010990;Elbit Market;10010990;R1;1;G2;1;Não Informado;816-455-8733;5;S20;C
0e88edb77ebef4d0dd3448dc6ffb2a0e08e8b36c5741e0da5d83a19178a419d9;10025305;Ubicco Shop;10025305;R3;1;G2;2;Não Informado;816-455-8733;1;S16;C
d4ee11f0e6f3546a3c91b325a4316af5bc593f671dcaa5cd5e1e13b240ec6673;10018885;Kawneer Market;10018885;R3;1;G2;2;Não Informado;816-455-8733;1;S1;C
b74fb4194bda52654020e78a5175177265b5fc359330e9050c7b867490e2eb19;10024246;Siemens Supermarket;10024246;R3;1;G2;2;Não Informado;816-455-8733;3;S16;C
5f27deeb47c774e7a6fffbba2e67280e62b638e4850a88bf70601a597504c0f7;10027082;ySecret Shop;10027082;R3;1;G3;1;Não Informado;816-455-8733;0;S5;C
8bc19375e34c7b1612980865680f67f36d94af0edc657cb45d263a9d28014077;10007591;ComeStore;10007591;R3;1;G1;1;M1;816-455-8733;5;S19;C
79530546f2a44e3e1697b410b3957f9545820e7eacdd53a4b40e2237a391c9ba;10013397;G-Com Supermarket;10013397;R3;1;G2;1;Não Informado;816-455-8733;5;S9;C
8a6212a79d60dd93d3576b3ff017c3a808274cdb9dfbb097a23e44219afdff09;10014810;Healtheon Shop;10014810;O1;1;G2;2;Não Informado;816-455-8733;4;S5;C
fdaddbfb7101a8ec3382e7775d09d9f676a46f4f008ef1a9865cf275e72bcaf9;10011979;FiberPlex Shop;10011979;R3;1;G1;1;M1;816-455-8733;5;S19;C
817ff3fadbb55b16348cc4a3af3bd9b6a32637b6cdcb6609f4b248e1dc2ce6e6;10019388;KeyComm Shop;10019388;R3;1;G2;2;Não Informado;816-455-8733;1;S1;C
c2870b9bf5531946f31566a9910fc30539bf006b9b9d327af12e997e29082493;10010886;EDGE Supermarket;10010886;R1;1;G2;2;Não Informado;816-455-8733;1;S11;C
f00fd8ddbbc976dd6146822a5dfd818b36cb3faa05034d3d129af3685ba3ad7e;10017828;Lee Megastore;10017828;R1;1;G2;2;Não Informado;816-455-8733;1;S20;C
d96d7b73e13894ea5415f4bca834d065566a56b1ebcf236744e034002ac3ba36;10000474;A-ARVIN Store;10000474;R2;1;G2;2;Não Informado;816-455-8733;4;S9;C
39c140b8a4f5e4ee9138bd87d738ffbb7357a83d24167fd76e0f753ac0d2b72e;10023241;Revnet Market;10023241;R1;1;G2;2;Não Informado;816-455-8733;2;S11;C
11b018bb935002e320522985f9e07b3e07cde4cd4043c7d3d47b30b899183652;10011870;Fenwick Supermarket;10011870;O2;1;G2;1;Não Informado;816-455-8733;5;S12;C
672ad8dae51238eb08479d4b63427dd21276261a8cfe03b3363e02b2eead0932;10021470;Papyrus Supermarket;10021470;R3;1;G2;2;Não Informado;816-455-8733;3;S16;C
1506ff9a828932b1061ed7c5c4c0d4681a481b76e5d2895337c585b28047c21d;10007258;C3I Shop;10007258;R3;1;G2;1;Não Informado;816-455-8733;5;S16;C
1122fc2d0a90fdeb5b1159f8a72f7c367169fc7eecf613ec881e094c13401d3b;10026868;Xyratex Shop;10026868;R3;1;G1;1;M1;816-455-8733;5;S16;C
a63064ffed66807649e1cea22e411ce39d3098b1075fa8661c795a1deda100a6;10005919;Big Store;10005919;R3;1;G2;1;Não Informado;816-455-8733;5;S4;C
febdb2d2c7ec672b1233a01a3578f9f26f13d76fd81657565638917e4a3296a1;10012157;Fifth Store;10012157;R3;1;G2;1;Não Informado;816-455-8733;5;S9;C
d52066b6b941b1e4938b6559efdb744fe9656e264e34b479afba6b429001eab7;10009697;Debian Shop;10009697;R2;1;G2;2;Não Informado;816-455-8733;2;S5;I
563c7604a72d9a90a6134c6cc13612be05ec26ec449ef89885e7306109634ab9;10009653;DCP Supermarket;10009653;R2;1;G3;1;Não Informado;816-455-8733;0;S8;C
e1efcd9a4c5e3ea47e7d5ed44e2ed4fff99ef2a924ffaa9a7750dfa2752afdf4;10000486;Aberdeen Shop;10000486;R3;1;G2;1;Não Informado;816-455-8733;5;S14;C
9c39b506648926a8688df8f1075c2ff4d88acacc6df43fe2bfc20ac359220afd;10025583;United Market;10025583;R2;1;G2;2;Não Informado;816-455-8733;3;S5;C
0ef15b682b43f5ef9840d753802b3cfbf02ae2d33b46644be219108fc8e09e41;10022755;Real Supermarket;10022755;R3;1;G1;1;M1;816-455-8733;5;S19;C
9199a9805c2dc0426d0a5d5264289a75c90d7c832058dc4e3ee0972a468a239f;10002520;ActivCard Shop;10002520;R3;1;G1;1;M1;816-455-8733;5;S19;C
b2461ebc243443934a08f0a952237bd2dd90726865c38887df0be6de30f10c3c;10025392;Ultimate Supermarket;10025392;R3;1;G2;1;Não Informado;816-455-8733;5;S16;C
0e169f0f07c950720373538a9f61548d35b47114d0e5c0f93e4dff391bd78d9b;10013052;GammaGraphX Store;10013052;R3;1;G2;1;Não Informado;816-455-8733;5;S16;C
f3299bc94778703c094173d9a2111aa15a9a3e02fd0e040aecdad14049740a60;10020364;Mersey Market;10020364;R3;1;G2;1;Não Informado;816-455-8733;5;S16;C
ab21d0c39f83dc1cf68a57689660fdef13174d821f5e4358a88c3305b9abd848;10002501;Action Supermarket;10002501;R3;1;G1;1;Não Informado;816-455-8733;5;S19;C
ff6a23a465895a08665a3e6d029cf951322cdfe02550c38d139eb314f08884a4;10020931;OutPost Market;10020931;R2;1;G2;2;Não Informado;816-455-8733;1;S5;C
70c55f6787369aa31acd62a34b42654be798f0048395df73fd7563813ced9ea6;10018871;Karsings;10018871;O2;1;G2;2;Não Informado;816-455-8733;4;S12;C
09dbd4ea9bd0aff08056fa6b04fbfeac1d838303eb1e76d0547592cd35ae9e6b;10020413;Molson Store;10020413;R3;1;G2;2;Não Informado;816-455-8733;2;S1;C
d0c73e41949fd00830b361a8e4af6886f8a614ed9770f4a7ca9cc7d1eafee5a5;10023759;SASCO Store;10023759;R3;1;G2;2;Não Informado;816-455-8733;2;S1;C
d9a7283ab7d85401c4c6d59d84da43a76542c4c864c4d6dbbd3ca465ea0b5dde;10019952;Lobster Market;10019952;O2;1;G2;1;Não Informado;816-455-8733;5;S12;C
cdbd8a7725b09e3c07e73c309a9f7e2a4dda2aabc8532acdd48f3fd9df54c057;10016549;Home Store;10016549;R3;1;G2;2;Não Informado;816-455-8733;2;S16;C
544656bee0a4c1695fbbd9599a83026e479c044f24eea75d0866ef805accde9e;10012235;Fimetrics Supermarket;10012235;R3;1;G3;1;Não Informado;816-455-8733;0;S5;C
424dac4ffa3600d84f77137642226a1862ca25aedbd391a2e11cd43812c539a4;10024550;Southwire Store;10024550;R2;1;G2;2;Não Informado;816-455-8733;4;S9;C
de7a983ae136826072e4241a4df600596031d9bcb8a4cc76ea99f6ddb60a9955;10000469;A-2-Z Supermarket;10000469;R3;1;G3;1;Não Informado;816-455-8733;0;S5;C
fd1a9866b46a51a61fe4dad8468f60c2247d9780054eabdbea555d9d813fd86c;10026038;Velos Supermarket;10026038;R3;1;G1;1;M1;816-455-8733;5;S19;C
709d9fbd1fd7826fe04f82de6ae319e243de12550f62527e6fa02d52f6729f3a;10016858;IBVA Shop;10016858;R2;1;G2;2;Não Informado;816-455-8733;1;S5;C
70bbd1f4cda23538f0d526fdc6bff06382522700a149e0fa0e5ef1f2366e431f;10024499;Soloman Market;10024499;R3;1;G2;2;Não Informado;816-455-8733;2;S16;C
1e0c3007bfc9d406e9e52028d163690811e8c941aaf92d79f364771402bfd034;10020914;Onetouch Supermarket;10020914;R3;1;G2;2;Não Informado;816-455-8733;2;S16;C
996b6c132ab58a215ac3d94520ce38695f10d71150b9f01811fec795564209ac;10026521;Xcert Shop;10026521;R3;1;G1;1;M1;816-455-8733;5;S20;C
1d49bb36113e786bd4a182f1620204ecb4dd65e6523e9c39bb0190e04cb9b6af;10020907;Onebox Shop;10020907;R3;1;G1;1;Não Informado;816-455-8733;5;S16;C
be8a0ee66bbfdac2adbc062b38e55e6b2bf573d7db5733a1f4314c2392d5d78b;10024255;Sigma Shop;10024255;O2;1;G2;2;Não Informado;816-455-8733;4;S12;C
5d05535dc1444435190b89d50e1e9df2660f3c2b34eba7ebb9a01a318bf8f66d;10009679;Debenhams Supermarket;10009679;R3;1;G2;2;Não Informado;816-455-8733;2;S16;C
36d75a2095ee67bca293fa377fb0980a45d40031aafa2921b60dc3bd196285f8;10019512;Kim Market;10019512;R3;1;G2;1;Não Informado;816-455-8733;5;S16;C
60c54488b37279a9fe18566f854586a4d05de596beca61a8510a74472b157ff4;10021107;P.C.G. Supermarket;10021107;R3;1;G2;1;Não Informado;816-455-8733;5;S1;C
9b316cd7a13c83054fdf549337c9b2ff4d8133df8bd7e6a1cbfada867da8597d;10002159;ACI Shop;10002159;R3;1;G1;1;M1;816-455-8733;5;S19;C
4694bb6bf21dd29a1c0b47a84cbe8a7622845c692aeb1b4565c2112e2257cf56;10021305;Pallister Supermarket;10021305;R3;1;G2;1;Não Informado;816-455-8733;5;S1;C
0833426a89e3f9a587deb089e193789e64453396c4ac95f302c50665062d2248;10019194;Kerite Company;10019194;R3;1;G2;1;Não Informado;816-455-8733;5;S14;C
75d12fd4955c575fca97326c0b6fc44af0046e02926e7d35762eb18869873b4b;10002506;ActionWorld Shop;10002506;R3;1;G2;2;Não Informado;816-455-8733;1;S16;C
8193e38faf77976b6368656134e4af711d8df29e3c1cf5e9487366e16d5ad76f;10025285;Transalta Store;10025285;R3;1;G2;2;Não Informado;816-455-8733;2;S16;C
d221d6d711b8c474a90e1e76433702a04034405400eb8d5a4105ce57af8de12c;10011198;e-MDs Shop;10011198;R3;1;G2;2;Não Informado;816-455-8733;3;S1;C
5354bb2daa6108637543b498f1f659109885d83eae4228fe80e8acfcf80d1fe0;10022687;Ravenwerks Shop;10022687;R3;1;G3;1;Não Informado;816-455-8733;0;S5;C
251013a8d8bb60768a4f1e02c6af26b6d9411c6715a504101b2611bc223e64f3;10023023;Crew Superstore;10023023;R1;1;G2;2;Não Informado;816-455-8733;4;S20;C
31eaef656777ea2bf0922c64b3f71dabd93fba1026b7393eda9c18ff8cb1026a;10019682;Lamson Store;10019682;R3;1;G2;2;Não Informado;816-455-8733;4;S3;C
7e5552bc6a48c99e773e9df74759a9b73bd88c54b448998b8cd13e03e4da2a2a;10007121;C Market;10007121;R3;1;G2;2;Não Informado;816-455-8733;4;S16;C
f4d10d548b94cc33a37c88c5c4eb6386a45a205ed916d127596fc2c644f3d6ae;10009662;De Store;10009662;R3;1;G2;2;Não Informado;816-455-8733;3;S1;C
a5d18d051a84d66e42d4c3219d47eca6fa1e186f3c8fb3477d89281da3817fea;10021472;Parabole Shop;10021472;R3;1;G3;1;Não Informado;816-455-8733;0;S5;C
1a23fad7a51580d1eb267d081967d1df3cd7f92032d120936f5b265da6edec22;10026009;Vectrix Shop;10026009;R3;1;G1;1;M1;816-455-8733;5;S18;C
c3e31654075be3ed33d2c7ce7681daf72b9995fc4056b06140e880bb4bc0a705;10023489;Robust Store;10023489;R3;1;G2;2;Não Informado;816-455-8733;1;S16;C
b095f96cc5014878092ca8a7189ce151e27c1bc3fdf63efd7777f1323745601e;10000466;A2Z Store;10000466;R3;1;G2;2;Não Informado;816-455-8733;1;S16;C
ed9721101d1c6a115a7940e8d13db29a719ff1d585aaad77692e6a7f5dc0219c;10025287;TransCanada Store;10025287;R2;1;G2;2;Não Informado;816-455-8733;4;S5;C
2f0911069c1d86f99bcd35b86fc8ff1977ccd044ea3fb6787844cc7110299a7a;10023524;Salias Gigaplace;10023524;R3;1;G2;2;Não Informado;816-455-8733;2;S16;C
2c714165f83e2b05dde5ad5450bd8d025f2a01d258c27552e492aca2780772cc;10004302;Berkeley Supermarket;10004302;R3;1;G2;2;M1;816-455-8733;2;S1;C
81bf01e4cb54912330cdd6a4c0750a1c08772c83d6eda2674ddc019eec609733;10013080;Ganymede Shop;10013080;R3;1;G2;1;Não Informado;816-455-8733;5;S16;C
d7803b7abb8f0f226f1421c5c2e7c7ae541124b40b5af7ef44d3b05740c4adee;10022456;Ra Maxistore;10022456;R3;1;G2;2;Não Informado;816-455-8733;1;S16;C
096d74244774014e9d67d2f3c516cc6f73136b84db6c7017b2d69692be30dbb2;10009643;David Store;10009643;R3;1;G2;2;Não Informado;816-455-8733;4;S9;C
f2259e5018c779011f768c18333d834caae96b2b86ff34a5bb5b9f65fdc8a799;10025418;Ultra-Image Shop;10025418;R2;1;G2;1;Não Informado;816-455-8733;5;S3;C
0c19ec8470340b44553a90c01601e7b2270063ae8b77f1623a3769f1ba562c8a;10023447;RKS Shop;10023447;R3;1;G2;2;M1;816-455-8733;2;S16;C
f8cf29a14327bf8323a669ecd3dcb98d3287d87086b5dcab1881e73fdf80111b;10007309;Cadtex Shop;10007309;R3;1;G1;1;M1;816-455-8733;5;S19;C
78e7c84bce39570e6311e2e199985e47f743f8503bb04be87823e8290e3676b0;10018518;K Shop;10018518;O2;1;G2;1;Não Informado;816-455-8733;5;S12;C
42f5aa9000827ef953b5a1fec01a3532b27dda2137393bd583baac2eea9d5cc0;10020388;Metro-Goldwyn-Mayer, Supermarket;10020388;R3;1;G2;2;Não Informado;816-455-8733;3;S1;C
adbaf11d56816c659477c417b75ac252e60beb74c2f3e2a415eaeaa6dd780c29;10022490;Racal-Datacom Shop;10022490;R3;1;G2;2;M1;816-455-8733;4;S16;C
c4bf486e8b6ab1c0c763f3fb4cff1723082dc8d6dc4825c447c2bc05dd6875c5;10014739;Haz-Mat Store;10014739;R2;1;G2;2;Não Informado;816-455-8733;2;S5;C
896e92735395146c9e548813e60c3479001b568713172e181c4d74989b76a9a2;10025038;Tanager Shop;10025038;R2;1;G2;2;Não Informado;816-455-8733;3;S11;C
47a18a6e86a97a9e5bc2fa051456ea83cdf5fb40df943ccec2b59edfc287add1;10020515;NBX Stores;10020515;R3;1;G2;1;Não Informado;816-455-8733;5;S1;C
60ad8cef3c1f7b6a149be5bf159f6e3aadb8f3a05b32004f87276c888aa5923b;10020672;Oki Shop;10020672;R3;1;G1;1;M1;816-455-8733;5;S19;C
39d372026dd10f798ebf45aa12329ee3e83a16a410f0e9d0a4ff25c3b6846239;10025036;Tampa Market;10025036;R3;1;G2;2;Não Informado;816-455-8733;4;S9;C
eabd51bb498ab37a40d3905de85cb833a3bd1a3e90b90de34edb4e95d33c8b25;10002220;ACRON Shop;10002220;R3;1;G3;1;Não Informado;816-455-8733;0;S5;C
9e2892c385d99fc9cce4a883229767df7f72ea1aff2b77070639893708110845;10011360;Equitable Store;10011360;R2;1;G2;1;Não Informado;816-455-8733;5;S5;C
b61e367bc8b2fae2460c9c4af6925c836de8326274562c6c430ee8e86aa7af8c;10002154;Acer Superstore;10002154;R2;1;G3;1;Não Informado;816-455-8733;5;S8;C
879217f6b2ee00ecbad48496ad1ffe8d484c2b8ebb04a1cbf5ab1166299f3ea8;10001786;Acara Shop;10001786;R3;1;G2;1;Não Informado;816-455-8733;5;S16;C
5d2571f40d7a43487146aced587bd28cd7a9a9b77c1462e0a4765e5fa19a7840;10015824;Heurikon Shop;10015824;R2;1;G2;2;Não Informado;816-455-8733;4;S5;C
2d2c30a1f64b7278a729e0bb571f27d0310a82e7b3fd646df8f641d8b047c502;10016334;Hobart Store;10016334;R3;1;G2;2;M1;816-455-8733;4;S16;C
c3b399384018b6350e65a55c2afc9bc8e4ddd96d456ae164feb5dcc84ef38300;10024010;Screaming Market;10024010;R2;1;G2;2;Não Informado;816-455-8733;4;S3;C
cde73d841c604bed7172f929eec842f3bc4d00e252e9496f17cf3e5875624838;10000478;Abacus Market;10000478;R3;1;G2;2;Não Informado;816-455-8733;2;S16;C
6c218236cfc2dd603728f89de5d1a5107c78b3b1d2bcbda5231c52771580916a;10025298;U. Supermarket;10025298;R3;1;G3;1;Não Informado;816-455-8733;0;S17;C
48fda7bc0c1f775cab2a9faa7ac3575c47384e75161bbf5da9fed308364ddc78;10009652;Dci Shop;10009652;R1;1;G3;1;Não Informado;816-455-8733;0;S21;C
4d00cd4bc1479602679570756e4c475e8ba55789c6ccbf59af4e1e1b7f63e4bf;10021160;Pacific Gigaplace;10021160;R3;1;G1;1;M1;816-455-8733;5;S19;C
842ac3b60908ad85cc874344b874ab45ca42cd5af87c48aa67223d4c8d73cd04;10004602;Best Supermarket;10004602;R3;1;G2;1;Não Informado;816-455-8733;5;S16;C
aed6b4c9c90a22f7dc4fe9465b126086b2827795427eb4105a3c1f329aa25fb0;10012305;FIND/SVP Shop;10012305;R3;1;G2;1;Não Informado;816-455-8733;5;S9;C
8e6e20636f6fc34c9212ead35e8a84013b5afa5850bcb02c4a580cc91d463150;10009650;Dayton Store;10009650;R3;1;G1;1;M1;816-455-8733;5;S16;C
616e58fceef6f9fe8bd3cd356ef4f91deb5f91fc15216dad6399998fd1aa6483;10013011;Gamacles Shop;10013011;R3;1;G1;1;M1;816-455-8733;5;S19;C
2f851a8eb85f4b7913fa82110964bfe50251255afa3b02689ef590233344203c;10026560;Xentec Shop;10026560;O2;1;G2;2;Não Informado;816-455-8733;4;S12;C
eccad654c80776aedd7411738341cda6ca4f668ace0fe6b26b056ad559756f91;10005688;Bien Supermarket;10005688;R3;1;G2;1;Não Informado;816-455-8733;5;S9;C
553e27cb58504fdab15a074c64fe41b823dfda1a61944d584d598e75b7af7fa5;10021485;Paracel Gigaplace;10021485;R1;1;G2;2;Não Informado;816-455-8733;4;S22;C
f701efff4d607ddf35a9049acc68fe8ecd3bb60a2af18fa175b73a23e8f1f52a;10009156;Carden Supermarket;10009156;R3;1;G2;2;Não Informado;816-455-8733;4;S1;C
8464df92dd76054d620c6cee5d6bde1d29cb7ce385a46bf63ad84b82bc650cbe;10012425;Fins Shop;10012425;R1;1;G2;2;Não Informado;816-455-8733;4;S4;C
3ad75680770c10834d62d07a251d5bae4d7326c38e323b623aedd70032dd0d80;10025560;Unisys Supermarket;10025560;R3;1;G2;2;M1;816-455-8733;2;S16;C
4ac1c2461ed0622fd784efd36382b68c91ffb947cf6f4e87361bd76dbab383d5;10020662;Nematron Shop;10020662;R3;1;G1;1;M1;816-455-8733;5;S19;C
22b4501d89cc247214e74596ea4026faebe3c950634e75e05f61c2b07480d8fe;10027119;Yurie Market;10027119;R3;1;G2;1;Não Informado;816-455-8733;5;S16;C
9c8a51b610177f4ef4859edc4b450ff3e7b26db31b67524ee28d0be0a45c8a35;10021286;PagePoint Shop;10021286;R3;1;G2;1;Não Informado;816-455-8733;5;S1;C
04bd45772943b24dc295eeaa035ae0d2fa2cecf352b40ed84044d7eab0fe6397;10025242;Teamsolve Shop;10025242;O2;1;G1;1;Não Informado;816-455-8733;5;S1;C
e3cf4e0466e0cb886eea90b5ad51103aab5f37b364a2eb09eca494df63a543cb;10015275;Helios Shop;10015275;R3;1;G2;2;Não Informado;816-455-8733;4;S16;C
efe23dd4b042859d8d3e72319ee65da03b5820ee7e4c64d3683d8c142d8abde3;10020915;Ottercom Shop;10020915;R3;1;G2;2;Não Informado;816-455-8733;4;S16;C
7bf12baab1800785d69188055b5333bd0f5e1b08575dd3339d5e1f74c7e11ed0;10021158;Pacific Supermarket;10021158;R3;1;G3;1;Não Informado;816-455-8733;0;S17;C
a860c2cb37729d7d2893eec6981010fe6a7a7e5887b41ad23065da5bcd139f0e;10007448;Cajun Shop;10007448;R3;1;G2;1;Não Informado;816-455-8733;5;S16;C
105b069c423f38a66c1b331acfe9a97a64c50561d1e5454fb075ab6fc11f4886;10025467;Underwriters Supermarket;10025467;R3;1;G2;1;Não Informado;816-455-8733;5;S1;C
1a1da59161fac5dcdaffbc15eb0f9f786686df0b99f1746abf6669405419e97a;10025025;Taligent Midstore;10025025;R3;1;G2;2;M1;816-455-8733;1;S16;C
f319d99375ed5659994b9d88e83ec711c68368fccbfc30e000cbdc5a1eea95ea;10022168;QualServe Shop;10022168;R1;1;G2;2;Não Informado;816-455-8733;4;S11;C
75a4643331dcf38bdebedaa23529c7483ad309074e410153050bcd9e712db108;10002139;Accrue Shop;10002139;R1;1;G2;1;Não Informado;816-455-8733;5;S11;C
cb602c6eedc8e109905539643666a4d53596e6e59f91fb70d3e250bef74b1879;10012128;Fifth Supermarket;10012128;R3;1;G3;1;Não Informado;816-455-8733;5;S5;C
4e4c2249d7f1763ba1c98a1e643db8978f85d7783ee29a66efb69c45dc61616d;10023221;Reveal Supermarket;10023221;R3;1;G2;2;M1;816-455-8733;4;S16;C
887355e6519c27cbfd6d1bd8ba937ee16c18cb616912debdbfb46b46220d7705;10001103;AC Store;10001103;R3;1;G2;1;Não Informado;816-455-8733;5;S16;C
cc7d3702d28ba284f0908b8bd27aec7477313c4cb39c810017bc1faeb36bd3ae;10010832;?change Store;10010832;R2;1;G2;1;Não Informado;816-455-8733;5;S11;C
dac2408f421a48c17820cb0a910b0d931c28658402855efe817cdf744b244eb4;10025359;UKnames.net Shop;10025359;R4;1;G2;1;Não Informado;816-455-8733;5;S18;C
e6951d915bdbb1a1d07d05833b5a47a5f10cc227b43780b98c1c68686ffea6c8;10020193;Maui Store;10020193;R2;1;G2;1;Não Informado;816-455-8733;5;S5;C
6186f790cc4af4efada1e17e8527379183b89cb0309b9c29691bd786f121f695;10010974;EDS Shop;10010974;R2;1;G2;2;Não Informado;816-455-8733;4;S9;C
67ef6b22bda4682f21dd7abf049f1632a7b286fecb0abf3a8d51e78a633760bf;10020445;N.Graphics Shop;10020445;R3;1;G2;2;Não Informado;816-455-8733;4;S16;C
b1927e1855641e19ecea6be1e7cf00906987f1d37bbac047a256439f3ad1cb29;10021459;Papyrus Shop;10021459;O2;1;G2;2;Não Informado;816-455-8733;2;S12;C
2f0a6b1caa05be33f452303c0c87c656884462a50bd0cfae0a80ff1a6d2d8765;10021270;Page Market;10021270;R3;1;G2;1;Não Informado;816-455-8733;5;S16;C
93c474ef1eb90f918014d9cb49bfda5d2c3d2920ec25873c3292d9e83c55c94a;10023780;SAT-SAGEM Supermarket;10023780;R3;1;G1;1;M1;816-455-8733;5;S16;C
3b1aec9e7590537fa192efee1a3d712239cf35753328b17a2781f72f6ffcf4e9;10010914;Editor Shop;10010914;R3;1;G2;2;M1;816-455-8733;4;S16;C
1b664f8bf3ab228661636f33162bfefb3b2bab2b0e70158a3ff8ced5a9a674e0;10025552;Unison Medistore;10025552;R3;1;G2;2;Não Informado;816-455-8733;4;S13;C
cd4270e7dfa3aba85d924e9f7ff0292cc060986943d34882596aefcd24925ed3;10027348;Zephyr Shop;10027348;R2;1;G2;2;Não Informado;816-455-8733;2;S5;I
2a32fb11e107e2327d8fc65404b71ac0c6ffc55e475ca2d10aff8afa5aaee069;10002244;ACS Market;10002244;O2;1;G2;2;Não Informado;816-455-8733;2;S12;C
766b33d8255f186813ea13071ca6581b0050f98f19094a0abc6fec9ebce7388e;10016113;Hill Supermarket;10016113;R2;1;G2;1;Não Informado;816-455-8733;5;S5;C
d77088ebb4ecbd26564f1a034e90ba3aab0857b94f00b90d00c3aca5a921cb2b;10007117;Bre-X Shop;10007117;R3;1;G1;1;M1;816-455-8733;5;S19;C
f3c086a40c29f56db0c4a9fa10a65fd10e0faeb880c93caa32b980437a4053e2;10018665;Kaim Supermarket;10018665;R3;1;G2;2;M1;816-455-8733;3;S16;C
7a7d0ba05b385e5239fa290f61c9a89ae113bb87cc17600f76dc3aad24bc7655;10015886;Hewlett Supermarket;10015886;R3;1;G2;1;Não Informado;816-455-8733;5;S1;C
0d9bfa6ab732ee1791fa11d0a87fb9a1490db0d391c28875baf6bc23f86f0c82;10013574;Gebbie Store;10013574;R3;1;G2;1;Não Informado;816-455-8733;5;S16;C
f0704048c326bad9d9b2032ea6f01665edfb827f224ba60b9050cc67625b1a91;10004255;Bendix Store;10004255;R3;1;G1;1;M1;816-455-8733;5;S19;C
4e5d54aeb7108ccc4ab579bf9c383a9bf603edd2cf41b82ef91519edc9287580;10025264;Today Shop;10025264;R3;1;G2;2;Não Informado;816-455-8733;1;S16;C
e3eadec69fa1d30036ea8719f418ad11e677079d7492c7aa47d3beb400d89574;10002240;ACS Shop;10002240;R3;1;G2;2;Não Informado;816-455-8733;3;S1;C
c635410136b356d75e72459b8c5179fab0d6ee49712097ccf135bcdf8bf87f5e;10024915;Systems Store;10024915;R3;1;G1;1;M1;816-455-8733;5;S16;C
7f9547e8a57a6ba2940cab274e34fbd75cf905db99350ae7761fb1055402863d;10024704;Sterling Store;10024704;R3;1;G2;1;Não Informado;816-455-8733;5;S1;C
6e33cc9307147d305ac935c65c95bb4d7592b6e1a1fbb28c46fbb1305290ca7a;10017072;Iconation Shop;10017072;R3;1;G2;2;Não Informado;816-455-8733;4;S9;C
502202c83a147299e82443fb2142df0873a909d229619dcee7e954674405d4ea;10019617;Kool-Seal Shop;10019617;R3;1;G2;2;Não Informado;816-455-8733;2;S1;C
93cb7c2a60073f70a3edd8a9682f1b5065b023df463381dc0a5c1ea4c835a559;10016780;iBEAM Shop;10016780;R3;1;G1;1;M1;816-455-8733;5;S18;C
b70474c2154d39f7772afbb7c4e5fa3f6675e574ea043684c12137a004f0b0cf;10020449;Nancy Supermarket;10020449;R3;1;G1;1;M1;816-455-8733;5;S16;C
b50bef889c1f01506eca80fab604cd7c895f76d23d7081d6adc5b9fea10ad8f7;10021804;Picka Superstore;10021804;R3;1;G2;1;Não Informado;816-455-8733;5;S1;C
545b95b9007acccafd23bc175153cf445d2a851da5b2bbe68fda57d4a0ed1573;10011345;Emergent Shop;10011345;R3;1;G2;1;Não Informado;816-455-8733;5;S16;C
ae549714c88ac25fb76454afc769e5f2b774e3b789ad60b37f21dbcc5dce87bd;10025300;U.S. Market;10025300;R3;1;G2;2;Não Informado;816-455-8733;3;S1;C
629b8ec03169ab48f3f05c311e9f409d088b00f07717f356b08df2c21bc44d9e;10007134;C&C Shop;10007134;R3;1;G2;1;M1;816-455-8733;5;S1;C
4ecbb1c2ec9b04c967378bffd2faf90a347545431dfabe352f3f118ea6e2b384;10021240;PAGE Shop;10021240;R3;1;G2;1;Não Informado;816-455-8733;5;S1;C
d4ad4b893c0d06349b2c94f84b29b0a0bbcedaa10960e9abb0b2f25ea6849d0b;10024034;Script Supermarket;10024034;R3;1;G3;1;Não Informado;816-455-8733;0;S5;C
b7b66a36a74555e2e35abfa7b02ec834711b36bcb4f60c8f499872f01b2ac71b;10004207;Bell Store;10004207;R3;1;G1;1;M1;816-455-8733;5;S19;C
5dc893e9200e57424096477d504a372c108642f82f89b9aa654c3afbd4044dd7;10024260;Sigma Supermarket;10024260;R3;1;G2;2;Não Informado;816-455-8733;1;S16;C
2c72256d9bb83e6e6988a9d243553e31ca82b5d4877dcec10be8284eb651b233;10021139;Pace Shop;10021139;R3;1;G3;2;Não Informado;816-455-8733;4;S5;C
6d5aba563e123910ec8287e77e2620b4e74bfdc814d1513bbe8194475de9d68e;10002489;ACT Supermarket;10002489;R3;1;G2;2;Não Informado;816-455-8733;2;S16;C
bfd1ee87152f3b0aee73bce985d7c3e088dc52658d2f9d30563fa37a95d954ad;10027575;Zitel Shop;10027575;R3;1;G2;2;Não Informado;816-455-8733;2;S1;C
320349d85a82759442120c97ceb81dfe747248cdabebf5ca7be707c767ac5946;10011997;Fibronics Shop;10011997;R3;1;G2;2;Não Informado;816-455-8733;3;S16;C
c8d48422641dfa19e2f7897d9fb7cf11f3cc8b7a7277b9b44b3b804ea53a8668;10012885;Gainunion Shop;10012885;R3;1;G2;1;Não Informado;816-455-8733;5;S16;C
12a889675120eefdc49c98ec1db2aa4a04e05c31b4ad3fb60a9b32bda9ce3e1d;10018877;KAT Store;10018877;R3;1;G1;1;M1;816-455-8733;5;S17;C
b3628a4d97f136660282013bbb680b14c7a8f80905f51b443890979af421bbd2;10000480;Abbotsbury Shop;10000480;R2;1;G2;2;Não Informado;816-455-8733;1;S5;C
3dd25710d454de9759ebc8b1236ff16b47ca39d53c889de633970ae8baa92be5;10013252;Gate Shop;10013252;O2;1;G2;2;Não Informado;816-455-8733;2;S12;C
04738b7ce8b1421fd4036ca0a0d5cd540b4730985973bd6bec5e9b5b0f5f804e;10011734;Felidae Enterprises;10011734;R3;1;G2;2;Não Informado;816-455-8733;2;S16;C
8e2a74246fee488265845ce143e478876a9958ee6d6c184585631008a4b09f19;10020868;One Market;10020868;R3;1;G2;1;Não Informado;816-455-8733;5;S1;C
12e38943b8ea0f614a8a7ddb21d79c25e2b8c18dc8a23aeb55f0d97252efcdbb;10000496;AboveNet Shop;10000496;R3;1;G2;1;Não Informado;816-455-8733;5;S9;C
c6953de4769997edb322c2adf69182654a4fdf1c50307fa508ed6748918bc614;10002161;ACME Maxiplace;10002161;R2;1;G2;1;Não Informado;816-455-8733;5;S4;C
834dc8d81fcea961bfc95063e0a7a2dde7009eaaf8d875dd4461d57f7c021638;10025051;Taos Supermarket;10025051;R3;1;G2;2;Não Informado;816-455-8733;1;S16;C
63787a4d5ce8b460f36fee6a1e771ec92f3bc2c5a21f640e6467f4eec5c8236e;10020849;OnDeck Store;10020849;R3;1;G2;1;Não Informado;816-455-8733;5;S1;C
683560a234762755d8dcb2bf13fe5d951137f4770a5f0df9e7e2fc5071f4d3b1;10000472;Aaron Store;10000472;R3;1;G2;2;Não Informado;816-455-8733;1;S4;C
50cc9903a2df3b84b6c15647d489d2a232bd4c305c70d7306e2d0456939e513e;10000457;A&G Shop;10000457;O2;1;G1;1;Não Informado;816-455-8733;5;S1;C
368ca3ab042a33ad4d066addd219b711a1fb01595c629dc6f2ee3b51749b6720;10010935;Edna Megaplace;10010935;R2;1;G2;2;Não Informado;816-455-8733;4;S5;C
a1ebf70300d0eac3fe84b10c0f8127563c86d50b3d3dab78aa5b8404b2a9c8a3;10022444;R.J. Market;10022444;O2;1;G2;2;Não Informado;816-455-8733;4;S12;C
b5ccde843e8d9cde76463a34cb45b0d33610ce3be7404048a8bc4a148cd2fe07;10020909;Onestar Shop;10020909;O1;1;G2;2;Não Informado;816-455-8733;4;S5;C
bce30c80e211c407dbf3361ad96cf5bdafb1a60e8d9ac13fdc20e08b44b2045e;10025495;UniForum Shop;10025495;R3;1;G2;2;Não Informado;816-455-8733;2;S5;C
304092094b1391385e35d3395628403a42a4097cd7a4fa71c56ef2067c6accc0;10019913;Livezone Supermarket;10019913;R3;1;G3;1;Não Informado;816-455-8733;0;S17;C
1abceca1f54b12232e08ea8f5df85b035980c6e86c734eafb632efd414e68e43;10012158;Filene? Shop;10012158;R3;1;G2;1;Não Informado;816-455-8733;5;S1;C
b102c7bde72d25fad7f0304349d5c1a1ee31c74be45901af292e70e16701197a;10013870;Greymac Trust Company;10013870;R3;1;G2;1;Não Informado;816-455-8733;5;S1;C
7fa2637ffb3a126c24189f333056ddb2a4e49ce1aa67f70caffeee9e75b6bf46;10024270;Signatures Superstore;10024270;R3;1;G2;2;Não Informado;816-455-8733;1;S4;C
53b192545ba2f32a14699c9c53aba451a3028ae4e9a66df387741b488cd7acd9;10024725;Stone Market;10024725;R3;1;G2;2;Não Informado;816-455-8733;2;S16;C
583dd39ddcd8921fa467bc06f4c2432bee58472dfa53caa53f8f9793b53075b7;10000456;A&B Shop;10000456;R1;1;G3;1;Não Informado;816-455-8733;0;S2;C
f222bde56183b97c0e3a82198a0803863136b30732dc0260297d2e12ebef7624;10022201;Quantum Shop;10022201;R3;1;G1;1;M1;816-455-8733;5;S16;C
f668132253033c79135a82eff3ecd39c7674809c1b26118397cb18660dd2ac60;10020306;McGraw-Hill Supermarket;10020306;R3;1;G2;1;Não Informado;816-455-8733;5;S16;C
072c2425c9043fc7c750b2909248f14208a02da27aa62dec97ae91ce0fccc497;10021239;PADL Shop;10021239;R3;1;G2;1;Não Informado;816-455-8733;5;S1;C
e3a70a062aed1019f1fe6dc2d7bad285d070446f92fbc0d1c39bce48eb52ef89;10014264;Harbour Store;10014264;R3;1;G2;2;Não Informado;816-455-8733;4;S1;C
205d9ed765ebf4abc5e8287f2614864ba6d9e7391b9ba06b655fc3fca13a34ab;10019880;Litton Supermarket;10019880;O2;1;G2;2;Não Informado;816-455-8733;3;S12;C
49775bff550754af1f8d3d9d1e45e0ef472359aec5849dbe802b8cae44ed4439;10013670;Gehlken Supermarket;10013670;R3;1;G2;1;Não Informado;816-455-8733;5;S1;C
fb73f34873a4a2b3376627140e35e4c2015d4bb6b5b89a7dc8a28eb1aa544f4e;10007564;CAM Market;10007564;R2;1;G2;2;Não Informado;816-455-8733;2;S1;C
532cf821f689867133a2c7d7df249f2e47a9fe1ddaf0b89798aaad153b98a942;10021331;Palo Supermarket;10021331;R2;1;G2;1;Não Informado;816-455-8733;5;S5;C
57f5f31dd267ba4d416a6b08d9bb18cf3330e824f67e5aab4b7ac2f51f95e9de;10024003;Scientific Supermarket;10024003;R2;1;G2;2;Não Informado;816-455-8733;1;S3;C
9bf98a3c3f41549b3fccfe4c62232c4a707f3dfb114e98053e1bb885cdb34e0b;10021977;Pinnacle Store;10021977;R3;1;G2;2;M1;816-455-8733;4;S16;C
9f1f3bf2944b5402b5207a5731d8e6144ebfe07a6feb918c400e4c2df899c6eb;10022732;RC Market;10022732;R2;1;G2;2;Não Informado;816-455-8733;2;S5;C
337d1d261512b7c93383083d72c769f3e9eefce50f5ff60d8ba408212c5b34ce;10022764;RealiDyne Shop;10022764;R3;1;G2;2;Não Informado;816-455-8733;2;S5;C
2bf8a0df557ea4ee861ff2de08bf5f22543adb538bdaaf375587c038cf469000;10019664;Koppers Supermarket;10019664;R1;1;G2;2;Não Informado;816-455-8733;4;S20;C
9729981895d56abd13da0c2cfcd5f1ad0dd99ad53a6a4d07cb3e1668331a5330;10010884;EDC Supermarket;10010884;R3;1;G3;1;M1;816-455-8733;0;S5;C
66c8bd37e21dd6fe45e85634bc5b62f467f923863cc9237d7b7a719f792d3496;10002412;Acsior Shop;10002412;R3;1;G1;1;M1;816-455-8733;5;S19;C
935b205a70304e49bd9794fdebe219c4fe68e10d5b5ab84fa0fea64c72643906;10020927;Outbreak Shop;10020927;R3;1;G2;2;Não Informado;816-455-8733;4;S16;C
c0c8a013c5cfc99d16f28b2faca4e42fc5d9b1e8978ed5f790485942bb960d21;10009356;Central Supermarket;10009356;R1;1;G2;2;Não Informado;816-455-8733;4;S11;C
fd5c57324c28ffa0c9bc97ca99eb869748efa8993cdd378bdecd14d41ed1bc9c;10021911;PING Shop;10021911;R3;1;G1;2;M1;816-455-8733;2;S19;C
9cc1f206ea1331de5936d19cefb3f883dbbdea2d50a18156eeca89883c1242e4;10017638;Kellys Gigastore;10017638;R3;1;G2;2;Não Informado;816-455-8733;3;S16;C
5ab731466f753eab751e1dbbd2ea62d11077db70a560cdc470b8550f06d22a1d;10010912;edit.nl Shop;10010912;R3;1;G2;2;M1;816-455-8733;2;S16;C
a1ce309ee2b21bf50c44f22619c4482659a9e82c23c85ef399589629c82ba7fd;10021380;Pangaea Store;10021380;R3;1;G2;1;Não Informado;816-455-8733;5;S9;C
835169efe6d05731fa64e44d46e6b3c9a854c4b128081f800a69f6fb9af5b73e;10020492;NBTel Shop;10020492;R3;1;G2;1;Não Informado;816-455-8733;5;S16;C
774bfb70177e2dff2ba89fbbf7eb9d8923c25414d1673770997f43abc6ad2d38;10027340;Zentrum Market;10027340;R3;1;G2;2;Não Informado;816-455-8733;3;S16;C
5416bb112d93b77ce788e98fe15903852586145eab1846c1a6e4dd9196a05375;10011732;Federated Supermarket;10011732;R3;1;G2;1;Não Informado;816-455-8733;5;S16;C
dd38fff844ac66047a6e004e8ea69d46514d8c3557bf748d44162e9397d86378;10019400;Keystar Superstore;10019400;R3;1;G2;2;Não Informado;816-455-8733;4;S1;C
7da2238db408987c39cab21c8dac3bc132163351411e019b49bfb9bd698ebbf0;10002765;Active Store;10002765;R3;1;G2;2;Não Informado;816-455-8733;2;S16;C
35675a2d780d31250c5a365563ad5759777ba9b02b88acebbfb4a711f78c4d36;10013538;GEAR Shop;10013538;R3;1;G2;1;Não Informado;816-455-8733;5;S16;C
b2bc1265961fa888812b1942984b7920b83a768a6137c0e1002cdde9a07af05a;10025302;U.S. Market;10025302;R3;1;G2;2;Não Informado;816-455-8733;2;S1;C
634b5ac99274e674f9738724555f639714dcf87cbeb3b39944ecf83308cdcd00;10002128;Access Store;10002128;R3;1;G1;1;M1;816-455-8733;5;S19;C
652203b39ce77549816e6c19e1152f0c6c4a6f2485a5b4ddb9dadf2f0ec01e1a;10000488;ABI Supermarket;10000488;R3;1;G1;1;M1;816-455-8733;5;S19;C
f76a8d815af3b611ffd8b9585073b94e4845ad07cf6e26361e25c53ff92492c5;10013509;Geac Shop;10013509;R3;1;G2;2;Não Informado;816-455-8733;4;S16;C
28702ffdd295f880fb26a99941277de1ee9ff3bf0601399324452ee054d3295d;10013238;Gastown Store;10013238;R1;1;G2;2;Não Informado;816-455-8733;4;S11;C
1cd7faeeba6eb30f631dda68e180430b8e47485b76f207cdb8d4f6119f0b4a35;10027572;ZipLip.Com Shop;10027572;R3;1;G2;2;Não Informado;816-455-8733;3;S1;C
b4754e83cd8385fe989219d0175acbe6a1b32c53c5b1c06fd1abf20ecc5ad7d3;10013079;Gandalf Supermarket;10013079;R3;1;G2;1;Não Informado;816-455-8733;5;S16;C
a8f4d587ad7bda6062eac1e7f4d4e32bdd3f9395753d89a25506c41162accfe7;10026006;Vector USA;10026006;R3;1;G3;1;Não Informado;816-455-8733;0;S5;C
54e69578154640c7109ab5c6bae9923b31cd40222d6b12675195543c0c2ebb8e;10019420;Keystroke Market;10019420;R3;1;G1;1;M1;816-455-8733;5;S19;C
ee5d015b257b6fe3484ca4e15751c734d7ebc769bf1a600c90c6c1500c65cce0;10026078;Venred Shop;10026078;R3;1;G2;2;Não Informado;816-455-8733;4;S16;C
1847b222607276d46cc6736ac68702aad391d8f657ffd0124973a6697d6b2abd;10027583;zNET Shop;10027583;R2;1;G2;2;Não Informado;816-455-8733;4;S5;C
8d7eec9eb2ee82712ac677b77930b1af2ff4d25548ae80c737c83605e4342565;10007183;C.O.F. Shop;10007183;R2;1;G2;1;Não Informado;816-455-8733;5;S3;C
03b21af32f03a284b2c51d13264c1df66e45714ddea340d95b3df6230841daf0;10022978;Relcom Shop;10022978;R3;1;G2;1;Não Informado;816-455-8733;5;S16;I
3d461df3ed447e17dfe7d80498305df5b46305eb061e2ca299fb1cd81ab623ae;10021175;Pacific Supermarket;10021175;R3;1;G2;2;Não Informado;816-455-8733;2;S16;C
1dac23ab163138428a9732dbbf71af966732f83850eedda6f8b6cfd00d530136;10025237;Team Supermarket;10025237;O2;1;G3;1;Não Informado;816-455-8733;0;S1;C
89b8b044801da3658a0bcdd3478db3d0ef9ccbfc1656e401240c7b07e26e87fa;10012927;Galaxy Supermarket;10012927;R3;1;G2;1;Não Informado;816-455-8733;5;S1;C
61e483c783769ec4ff61a6602c0ed51010d3d05be6b5a7dd84aac986f82a6cb7;10022746;Rdlabs Shop;10022746;R3;1;G1;1;M1;816-455-8733;5;S19;C
e1259112537958140ec7025ca6f6868266a2d3a5f38fcdbe312fdd06de432a79;10025284;Towmotor Supermarket;10025284;R3;1;G2;2;Não Informado;816-455-8733;1;S16;C
aa0b9ea659f21ccacc28fcc68cba21a6cfca2b03d71fae348a9518e40a4baf0e;10003720;Age Shop;10003720;R2;1;G2;2;Não Informado;816-455-8733;3;S5;C
f74095b20729d443b6de35c342b7208b7923e47f99a63a22e3709f3cf2487e4a;10021111;P.C'S Shop;10021111;R3;1;G3;1;Não Informado;816-455-8733;5;S5;C
e3afb246240919a0337e61db710d4a5fe33f840025b86ab5d9575dff13caedbe;10006805;Bitstream Shop;10006805;R3;1;G1;2;Não Informado;816-455-8733;2;S16;C
f2681e38b5178fb51a32c3b76ecc8cef4e35ad1a472e14127d3270861b9784d2;10024009;Scottish Supermarket;10024009;R2;1;G2;2;Não Informado;816-455-8733;2;S2;C
a757949596a7f8303e30f8753d5c07cf9ec698d13daaea51e300afce399bda06;10025241;TeamStore;10025241;R1;1;G1;1;Não Informado;816-455-8733;5;S5;C
e33ca2d92fc68b12760820bef51e4180070709cd60fd7f83fb31fa752c2f86ee;10013765;Gemini Supermarket;10013765;R3;1;G2;2;Não Informado;816-455-8733;4;S16;C
36d1be2992144340f292a5cf7acb18c74c69d6ece4455f27bb2fa96a800393be;10026294;Wasabi Shop;10026294;R3;1;G1;1;M1;816-455-8733;5;S19;C
ea9d91b8a826ba9876d5eb409294499668a83568ff101f26c9d63bb489a0c4f9;10013426;GDC Shop;10013426;R3;1;G2;1;Não Informado;816-455-8733;5;S1;C
936703ae152cc7bbbee69992f3f7db526a024ce2f7152648b71490204283d40a;10013232;Garza Supermarket;10013232;R3;1;G2;2;Não Informado;816-455-8733;4;S9;C
e959b78366b2ac4ab0ae315471694bd1718305e5a03f9ef4a03c9a9429fb232f;10011093;EMC Shop;10011093;R3;1;G2;1;M1;816-455-8733;5;S16;C
63c73592f7983c3c004e7a00eb17aa8a07b62dead8690f6a9ac9be75295f0d84;10021006;Overdreams Shop;10021006;R3;1;G2;1;Não Informado;816-455-8733;5;S1;C
66ddd79f45799f0c7ea41637828e71bfa0a3fd35b8e381764e3dfa9fff17f046;10000455;Caribian Supermarket;10000455;R3;1;G2;2;Não Informado;816-455-8733;1;S16;C
2f476b17576ecb4f6fc753fd61b73ceb6ce513e193a4ab1077cb571922ff07b7;10027356;Zero Market;10027356;R3;1;G2;2;Não Informado;816-455-8733;4;S1;C
ab6f2feab64f18489b6aed79179ca5550e842553d929b11d9031b8132ad25453;10026839;Xtreme Shop;10026839;R3;1;G2;2;M1;816-455-8733;2;S16;C
